GameID,Date,HomeID,AwayID,y_true,y_pred_base,y_pred_final,fold_id,regime_id,mismatch_key,info_key,postprocess_s_used,postprocess_t_used,postprocess_k_used,postprocess_eta_used
1090,2025-01-23,67,72,28,7.224265154054034,6.796131967343181,1,global,12.615534242967904,1.0,1.25,,0.0,0.7
1091,2025-01-23,23,53,16,13.981908809540133,15.243186536700803,1,global,3.900405133111853,1.0,1.25,,0.0,0.7
1092,2025-01-23,22,27,48,3.8531245095886977,2.5822061617615084,1,global,6.217365713399756,1.0,1.25,,0.0,0.7
1093,2025-01-23,128,78,-94,-25.29528165073432,-33.85330153864226,1,global,36.36898817711389,1.0,1.25,,0.0,0.7
1761,2025-01-23,142,145,-78,-40.542278945194866,-52.91204815671795,1,global,57.95338503335435,1.0,1.25,,0.0,0.7
1762,2025-01-23,141,139,-36,-2.747098206222356,-5.668072233002308,1,global,11.060056520575761,1.0,1.25,,0.0,0.7
1763,2025-01-23,165,162,70,37.378306510673994,44.48868366311813,1,global,44.44293422748933,1.0,1.25,,0.0,0.7
1764,2025-01-23,144,151,20,2.8890535591019697,1.3771174736530991,1,global,10.039130502847918,2.0,1.25,,0.0,0.7
1765,2025-01-23,137,138,-32,-26.50157301279508,-35.361165741218215,1,global,17.63261608961824,2.0,1.25,,0.0,0.7
1766,2025-01-23,134,140,-102,-7.6759976004574995,-11.829196475796238,1,global,21.951780512606142,2.0,1.25,,0.0,0.7
1094,2025-01-24,49,79,14,12.256264755105349,13.086131468657323,1,global,5.869112121816187,0.0,1.25,,0.0,0.7
1095,2025-01-24,3,41,28,25.148569491111434,29.20151238866493,1,global,27.47939948084163,1.0,1.25,,0.0,0.7
1096,2025-01-24,65,109,18,9.406850359459513,9.524363474100028,1,global,19.972595844241297,1.0,1.25,,0.0,0.7
1097,2025-01-24,77,82,-72,-10.842458570264661,-15.78727268805519,1,global,15.11657636279072,1.0,1.25,,0.0,0.7
1098,2025-01-24,17,13,-94,-26.46530130771578,-35.31582610986909,1,global,36.116576362790724,1.0,1.25,,0.0,0.7
1099,2025-01-24,12,16,40,-13.685548493534188,-19.341135092142096,1,global,20.065167165492,0.0,1.25,,0.0,0.7
1100,2025-01-24,129,118,-2,19.236059685519074,21.81087513167448,1,global,22.101656104540385,1.0,1.25,,0.0,0.7
1101,2025-01-24,47,21,40,6.523382414804361,5.920028543281088,1,global,5.069519697674396,1.0,1.25,,0.0,0.7
1102,2025-01-24,87,74,76,38.28841257550015,45.62631624415083,1,global,46.50503019545954,1.0,1.25,,0.0,0.7
1103,2025-01-24,93,101,12,-5.253110082848977,-8.800587078785584,1,global,6.5930480302325485,1.0,1.25,,0.0,0.7
1104,2025-01-24,80,97,22,2.1364439965728064,0.4363555204916447,1,global,0.827339685158579,1.0,1.25,,0.0,0.7
1105,2025-01-24,36,51,62,20.951135233145422,23.954719566207416,1,global,18.194307222580353,1.0,1.25,,0.0,0.7
1106,2025-01-24,115,124,-22,6.523382414804386,5.92002854328112,1,global,5.06951969767443,1.0,1.25,,0.0,0.7
1107,2025-01-24,18,123,70,6.65992355850721,6.09070497290965,1,global,37.40702865281443,1.0,1.25,,0.0,0.7
1108,2025-01-24,19,86,6,-6.698572291270263,-10.607414839312193,1,global,10.366781372093044,1.0,1.25,,0.0,0.7
1109,2025-01-24,10,46,-76,-29.164208355536505,-38.689459919644996,1,global,48.0777175751938,1.0,1.25,,0.0,0.7
1110,2025-01-24,73,85,6,-31.56689812743721,-41.692822134520874,1,global,12.55483100826078,1.0,1.25,,0.0,0.7
1111,2025-01-24,63,43,24,1.9937109422087103,0.2579392025365248,1,global,0.9451295034531597,1.0,1.25,,0.0,0.7
1112,2025-01-24,61,15,-8,7.81393446477702,7.533218605746912,1,global,7.413155727737835,1.0,1.25,,0.0,0.7
1113,2025-01-24,126,106,14,-7.231154784171284,-11.273142955438468,1,global,10.340219578958985,1.0,1.25,,0.0,0.7
1114,2025-01-24,84,48,6,-14.761180243546363,-20.68567477965732,1,global,11.589475574606624,2.0,1.25,,0.0,0.7
1115,2025-01-24,119,60,42,22.37587678812023,25.73564650992592,1,global,30.586178338089184,1.0,1.25,,0.0,0.7
1116,2025-01-24,11,58,48,-16.899588609904427,-23.358685237604895,1,global,22.17638136356588,1.0,1.25,,0.0,0.7
1117,2025-01-24,1,54,-58,-18.29177634645648,-25.098919908294967,1,global,24.070561817497236,2.0,1.25,,0.0,0.7
1118,2025-01-24,122,8,-60,24.528110818545258,28.425939047957208,1,global,15.156991575898562,1.0,1.25,,0.0,0.7
1119,2025-01-24,31,66,32,14.43085259967491,15.804366274369274,1,global,22.441711818604634,0.0,1.25,,0.0,0.7
1120,2025-01-24,33,120,62,23.816633056675123,27.53659184561954,1,global,28.5741492939856,2.0,1.25,,0.0,0.7
1121,2025-01-24,102,114,48,29.396636009455452,34.51159553659495,1,global,36.294835262325506,1.0,1.25,,0.0,0.7
1122,2025-01-24,6,2,-52,-23.117090574899986,-31.13056269384935,1,global,15.825523753589085,2.0,1.25,,0.0,0.7
1123,2025-01-24,34,62,-8,7.780128021384595,7.490960551506381,1,global,13.412567727906975,1.0,1.25,,0.0,0.7
1124,2025-01-24,35,56,84,12.28108760005485,13.117160024844198,1,global,9.699252701672217,1.0,1.25,,0.0,0.7
1125,2025-01-24,99,38,-64,-9.838408431155429,-14.53221001416865,1,global,15.786173536828766,1.0,1.25,,0.0,0.7
1126,2025-01-24,110,113,-6,2.625046587903432,1.0471087596549267,1,global,7.81492287918053,1.0,1.25,,0.0,0.7
1127,2025-01-24,64,25,6,-3.5797205425745116,-6.708850153442503,1,global,11.596252398848248,1.0,1.25,,0.0,0.7
1128,2025-01-24,45,24,84,29.46717630077451,34.59977090074377,1,global,30.355196549154407,1.0,1.25,,0.0,0.7
1129,2025-01-24,29,121,34,22.271188351454796,25.604785964094134,1,global,28.961141212403085,1.0,1.25,,0.0,0.7
1130,2025-01-24,112,104,-14,-1.19776034194253,-3.7313999026525257,1,global,4.836328924237273,1.0,1.25,,0.0,0.7
1131,2025-01-24,14,76,72,48.061472635976045,57.84264131974569,1,global,58.258469430317064,1.0,1.25,,0.0,0.7
1132,2025-01-24,100,95,-20,6.912402321880627,6.406303427126421,1,global,13.594010969894285,1.0,1.25,,0.0,0.7
1133,2025-01-24,52,40,-68,-35.003965707197864,-45.989156609221695,1,global,38.92477295797043,2.0,1.25,,0.0,0.7
1134,2025-01-24,98,96,60,11.351797015353572,11.955546793967601,1,global,11.559805000775153,1.0,1.25,,0.0,0.7
1135,2025-01-24,37,108,112,14.735563912586635,16.185255415508927,1,global,14.961141212403088,0.0,1.25,,0.0,0.7
1136,2025-01-24,90,68,36,4.086842780951558,2.8743540009650843,1,global,17.2153623502005,2.0,1.25,,0.0,0.7
1137,2025-01-24,89,83,58,43.71892721073746,52.41445953819746,1,global,41.34154556447474,1.0,1.25,,0.0,0.7
1138,2025-01-24,103,44,14,-2.6770539517133827,-5.580516914866092,1,global,7.353635362917576,1.0,1.25,,0.0,0.7
1139,2025-01-24,88,69,64,29.714263465201416,34.90862985627741,1,global,33.72417168221989,1.0,1.25,,0.0,0.7
1767,2025-01-24,146,150,40,32.94904410721604,38.95210565879568,1,global,34.105638091455816,2.0,1.25,,0.0,0.7
1768,2025-01-24,133,132,-36,-6.648245783981153,-10.544506705200805,1,global,1.5304974434001757,1.0,1.25,,0.0,0.7
1769,2025-01-24,155,160,-36,-23.556295612610267,-31.6795689909872,1,global,26.037550723617365,1.0,1.25,,0.0,0.7
1770,2025-01-24,160,157,-10,41.68774840639641,49.87548603277114,1,global,49.711125361841596,1.0,1.25,,0.0,0.7
1771,2025-01-24,131,132,-4,-2.6666138020651147,-5.567466727805757,1,global,5.905594572883736,1.0,1.25,,0.0,0.7
1772,2025-01-24,136,141,2,5.590050464892466,4.753363605891218,1,global,8.545255870280947,1.0,1.25,,0.0,0.7
1140,2025-02-04,22,23,72,24.113275865398528,27.907395356523793,1,global,26.13934376677745,1.0,1.25,,0.0,0.7
1773,2025-02-04,158,157,-68,-33.68611785491328,-44.34184679386596,1,global,28.36774544700984,1.0,1.25,,0.0,0.7
1774,2025-02-04,130,135,-2,-1.066952638266585,-3.5678902730575945,1,global,3.1172019402736613,1.0,1.25,,0.0,0.7
1775,2025-02-04,161,159,-4,-1.8615083772725178,-4.5610849468150105,1,global,20.731867333988028,2.0,1.25,,0.0,0.7
1776,2025-02-04,135,132,-22,3.4490934829439803,2.077167378455612,1,global,1.5459994003709685,1.0,1.25,,0.0,0.7
1777,2025-02-04,156,161,-12,11.082558404139,11.618998529949387,1,global,11.675063041130397,2.0,1.25,,0.0,0.7
1778,2025-02-04,139,135,32,-5.406809054399936,-8.992710793224283,1,global,7.408542540339122,1.0,1.25,,0.0,0.7
1141,2025-02-05,78,87,-12,0.30746748710980576,-1.849865116337106,1,global,0.8236186364341096,1.0,1.25,,0.0,0.7
1142,2025-02-05,67,12,-38,20.879300107767612,23.864925659485152,1,global,30.948590802701275,1.0,1.25,,0.0,0.7
1143,2025-02-05,74,76,-102,-1.0287496451848543,-3.520136531705431,1,global,5.804848946537831,1.0,1.25,,0.0,0.7
1144,2025-02-05,4,9,-12,-3.44982478905356,-6.546480461541313,1,global,10.334223863107843,1.0,1.25,,0.0,0.7
1145,2025-02-05,7,64,44,-1.4762200623014525,-4.0794745531011785,1,global,3.0011711253599147,0.0,1.25,,0.0,0.7
1146,2025-02-05,36,75,66,7.290217424447441,6.878572305334938,1,global,0.41854841440071766,1.0,1.25,,0.0,0.7
1147,2025-02-05,100,118,2,32.650943540464795,38.57947995035663,1,global,44.55515218229736,1.0,1.25,,0.0,0.7
1148,2025-02-05,8,3,-20,-25.014992030295456,-33.502939513093686,1,global,22.49194091255413,1.0,1.25,,0.0,0.7
1149,2025-02-05,110,128,54,30.158800323811512,35.46430092954002,1,global,43.49371605706959,2.0,1.25,,0.0,0.7
1150,2025-02-05,6,60,78,37.725269073265764,44.92238686635784,1,global,52.53118572658812,1.0,1.25,,0.0,0.7
1151,2025-02-05,30,26,-56,0.9854164122263054,-1.0024289599414815,1,global,2.3745343716500678,1.0,1.25,,0.0,0.7
1152,2025-02-05,91,102,-14,-13.976148097552429,-19.704384597164896,1,global,21.423675989147263,1.0,1.25,,0.0,0.7
1153,2025-02-05,43,50,-44,-23.02715323667118,-31.018141021063336,1,global,24.205525454263572,1.0,1.25,,0.0,0.7
1154,2025-02-05,38,31,-36,0.40862427422810477,-1.7234191324392323,1,global,8.068157189852009,2.0,1.25,,0.0,0.7
1155,2025-02-05,95,93,-2,18.06360286555597,20.345304106720597,1,global,17.476471667441828,1.0,1.25,,0.0,0.7
1156,2025-02-05,5,10,36,11.742706244472862,12.444183330366714,1,global,13.14723727286821,1.0,1.25,,0.0,0.7
1157,2025-02-05,120,56,22,10.09044487294908,10.378856615961986,1,global,10.309973437663364,1.0,1.25,,0.0,0.7
1158,2025-02-05,2,1,54,48.99372236013966,59.007953474950206,1,global,48.09684259756365,2.0,1.25,,0.0,0.7
1159,2025-02-05,58,61,-34,22.072862305752103,25.356878406965762,1,global,23.396649273037337,1.0,1.25,,0.0,0.7
1160,2025-02-05,96,11,18,29.22720012216881,34.29980067748665,1,global,32.94171181860464,1.0,1.25,,0.0,0.7
1161,2025-02-05,121,126,6,4.7316487137162895,3.6803614169209986,1,global,3.1405148921373147,1.0,1.25,,0.0,0.7
1162,2025-02-05,89,71,76,30.36416651874184,35.72100867320294,1,global,23.276801839977846,1.0,1.25,,0.0,0.7
1163,2025-02-05,25,72,-6,24.755880572033945,28.71065123981807,1,global,6.903876606688847,1.0,1.25,,0.0,0.7
1164,2025-02-05,46,47,-26,16.850259204616567,18.828624530546342,1,global,28.294474545736406,1.0,1.25,,0.0,0.7
1165,2025-02-05,59,63,-14,14.77123130372669,16.229839654434002,1,global,20.248517686257888,1.0,1.25,,0.0,0.7
1166,2025-02-05,18,49,-6,8.902140797960884,8.893476522226742,1,global,6.58894909147285,0.0,1.25,,0.0,0.7
1167,2025-02-05,80,84,-20,-7.9712866707406,-12.198307813650112,1,global,23.13811845413949,1.0,1.25,,0.0,0.7
1168,2025-02-05,13,122,76,10.964086942872967,11.470909203366846,1,global,11.965445160465041,1.0,1.25,,0.0,0.7
1169,2025-02-05,114,115,-12,-9.217929560459428,-13.756611425798647,1,global,15.507165029767457,1.0,1.25,,0.0,0.7
1170,2025-02-05,41,45,-16,-29.641186350976835,-39.28568241394541,1,global,36.31645987651167,1.0,1.25,,0.0,0.7
1171,2025-02-05,127,108,-56,-19.8249531522186,-27.015390915497612,1,global,27.584170181141655,0.0,1.25,,0.0,0.7
1172,2025-02-05,111,109,-12,-2.925880532105106,-5.891550140355745,1,global,0.9672733944185694,1.0,1.25,,0.0,0.7
1173,2025-02-05,32,54,-40,-0.03755669897356029,-2.2811453489413136,1,global,4.251203125780673,2.0,1.25,,0.0,0.7
1174,2025-02-05,34,39,20,15.996797266529743,17.761797107937817,1,global,14.597648000676518,2.0,1.25,,0.0,0.7
1175,2025-02-05,129,55,24,-5.120676405037829,-8.635044981521649,1,global,13.167404415060929,1.0,1.25,,0.0,0.7
1176,2025-02-05,66,73,-8,-4.579887471276839,-7.959058814320413,1,global,7.065443939091963,0.0,1.25,,0.0,0.7
1177,2025-02-05,57,116,6,14.695543781404814,16.135230251531652,1,global,16.130934230575278,2.0,1.25,,0.0,0.7
1178,2025-02-05,20,15,20,23.01813015971979,26.53846322442537,1,global,28.840710140761132,1.0,1.25,,0.0,0.7
1179,2025-02-05,77,70,14,3.9531367099476356,2.707221412210181,1,global,7.0135268720929425,1.0,1.25,,0.0,0.7
1180,2025-02-05,28,107,70,21.924829941114933,25.1718379511693,1,global,15.373612422061498,1.0,1.25,,0.0,0.7
1181,2025-02-05,104,14,-2,-20.808492341498646,-28.244814902097673,1,global,27.96166227231452,1.0,1.25,,0.0,0.7
1182,2025-02-05,21,105,46,20.81756478596861,23.787756507236402,1,global,22.24028530310077,1.0,1.25,,0.0,0.7
1183,2025-02-05,103,90,-118,8.548506581232676,8.45143375131648,1,global,1.1334236372092583,1.0,1.25,,0.0,0.7
1184,2025-02-05,99,92,-74,-26.590998600798773,-35.472947726222834,1,global,29.846437220589955,1.0,1.25,,0.0,0.7
1185,2025-02-05,24,51,8,6.81616255287023,6.2860037158634245,1,global,8.434349712281065,1.0,1.25,,0.0,0.7
1186,2025-02-05,85,86,48,34.92031509193043,41.41619438968868,1,global,11.950821152003886,2.0,1.25,,0.0,0.7
1187,2025-02-05,101,53,8,34.58334772661561,40.994985183045145,1,global,20.686506079069765,1.0,1.25,,0.0,0.7
1188,2025-02-05,112,125,-60,-15.966307446929367,-22.19208378388607,1,global,21.582751045388985,1.0,1.25,,0.0,0.7
1189,2025-02-05,29,37,-4,1.7285517948362,-0.07350973167911334,1,global,3.922282424806184,1.0,1.25,,0.0,0.7
1190,2025-02-05,79,82,4,-7.635696491596228,-11.778820089719648,1,global,4.264832575304593,1.0,1.25,,0.0,0.7
1191,2025-02-05,94,98,56,-4.68318648796893,-8.088182585185526,1,global,5.012273636101877,1.0,1.25,,0.0,0.7
1192,2025-02-05,81,88,-54,11.622548515650477,12.293986169338734,1,global,17.43599433281616,1.0,1.25,,0.0,0.7
1193,2025-02-05,123,117,-12,28.795194850294756,33.75979408764408,1,global,0.8097283177281334,1.0,1.25,,0.0,0.7
1779,2025-02-05,150,147,-14,-20.9707155970567,-28.44759397154524,1,global,10.464132028341073,1.0,1.25,,0.0,0.7
1780,2025-02-05,148,145,28,15.721507007848167,17.417684284585846,1,global,22.812552344253994,1.0,1.25,,0.0,0.7
1781,2025-02-05,153,143,44,78.61515087840057,96.03473912277636,1,global,64.32417392531359,1.0,1.25,,0.0,0.7
1782,2025-02-05,143,145,30,-13.491706053241764,-19.098832041776568,1,global,18.198238832640158,1.0,1.25,,0.0,0.7
1783,2025-02-05,132,134,46,46.14502732998875,55.44708468726157,1,global,53.87436410264064,1.0,1.25,,0.0,0.7
1784,2025-02-05,152,143,16,22.863870389870627,26.345638512113922,1,global,24.590159033297216,1.0,1.25,,0.0,0.7
1194,2025-02-18,16,17,-6,25.730635124234563,29.929094430068837,1,global,30.470855909302315,0.0,1.25,,0.0,0.7
1195,2025-02-18,42,48,-20,-31.492470468694076,-41.59978756109196,1,global,16.577132012513815,1.0,1.25,,0.0,0.7
1196,2025-02-18,27,34,-44,13.185667882156045,14.247885377470693,1,global,13.025414026135104,2.0,1.25,,0.0,0.7
1197,2025-02-18,89,84,6,-8.020532193269652,-12.259864716811428,1,global,22.7248957685158,1.0,1.25,,0.0,0.7
1198,2025-02-18,3,7,-50,19.7616000933645,22.46780064148126,1,global,21.665495541306754,0.0,1.25,,0.0,0.7
1199,2025-02-18,76,52,32,-3.10296687838626,-6.112908073207189,1,global,14.40418988380548,1.0,1.25,,0.0,0.7
1785,2025-02-18,149,152,22,-15.357248663976083,-21.430760305194468,1,global,9.813708344723683,1.0,1.25,,0.0,0.7
1786,2025-02-18,140,137,-56,1.5745407040467203,-0.26602359516596286,1,global,1.7834515552850583,2.0,1.25,,0.0,0.7
1787,2025-02-18,157,156,14,-23.622131055806587,-31.761863294982597,1,global,5.401763199596317,1.0,1.25,,0.0,0.7
1788,2025-02-18,145,144,-8,11.299156677704856,11.889746371906707,1,global,3.871118036731433,1.0,1.25,,0.0,0.7
1789,2025-02-18,164,157,2,17.967987850483965,20.225785337880595,1,global,19.658046763978298,1.0,1.25,,0.0,0.7
1790,2025-02-18,162,163,-22,-34.56359801405566,-45.438696992793936,1,global,46.99569973559234,1.0,1.25,,0.0,0.7
1200,2025-02-19,85,79,20,58.237763567488074,70.56300498413573,1,global,32.3728107063782,2.0,1.25,,0.0,0.7
1201,2025-02-19,1,58,40,-15.851691201098703,-22.048813476597743,1,global,20.20552545426355,1.0,1.25,,0.0,0.7
1202,2025-02-19,39,36,-112,-30.53555176773389,-40.40363918489172,1,global,24.504964898798196,2.0,1.25,,0.0,0.7
1203,2025-02-19,73,62,12,22.894113267969345,26.383442109737317,1,global,23.919723485603576,1.0,1.25,,0.0,0.7
1204,2025-02-19,90,97,126,11.230422679029733,11.803828873562802,1,global,18.585883000465117,1.0,1.25,,0.0,0.7
1205,2025-02-19,86,81,8,3.51365255837724,2.1578662227471863,1,global,4.7008692627105155,2.0,1.25,,0.0,0.7
1206,2025-02-19,17,22,-60,-17.48325992016837,-24.08827437543482,1,global,23.51205694761911,1.0,1.25,,0.0,0.7
1207,2025-02-19,72,66,36,-0.030513539820612223,-2.2723414000001285,1,global,1.7321106057586277,0.0,1.25,,0.0,0.7
1208,2025-02-19,53,63,-16,-7.989565905890352,-12.221156857587303,1,global,5.544900092600393,1.0,1.25,,0.0,0.7
1209,2025-02-19,60,57,-28,-12.087841714260595,-17.344001618050108,1,global,30.277868963928753,1.0,1.25,,0.0,0.7
1210,2025-02-19,92,98,78,6.323138615874795,5.669723794619131,1,global,0.15513077895901972,1.0,1.25,,0.0,0.7
1211,2025-02-19,83,88,-70,-40.83501129835598,-53.27796359816934,1,global,43.3218656548342,1.0,1.25,,0.0,0.7
1212,2025-02-19,21,16,42,16.22345369710579,18.04511764615787,1,global,16.96114121240309,0.0,1.25,,0.0,0.7
1213,2025-02-19,93,103,28,-18.760881759759922,-25.68530167492427,1,global,24.74999999999998,1.0,1.25,,0.0,0.7
1214,2025-02-19,37,28,62,14.392560735742057,15.756501444453209,1,global,24.533187361991647,1.0,1.25,,0.0,0.7
1215,2025-02-19,116,120,36,-7.783615452593072,-11.963718790965702,1,global,2.229508512050785,2.0,1.25,,0.0,0.7
1216,2025-02-19,75,74,56,53.46550553628316,64.59768244512959,1,global,66.84807822569209,1.0,1.25,,0.0,0.7
1217,2025-02-19,117,127,2,8.024045361880539,7.7958572271263105,1,global,6.281497757885848,1.0,1.25,,0.0,0.7
1218,2025-02-19,82,80,42,6.356000868824444,5.710801610806192,1,global,5.8549345042283285,1.0,1.25,,0.0,0.7
1219,2025-02-19,49,46,-14,-19.92766888918935,-27.143785586711047,1,global,36.55828818139534,0.0,1.25,,0.0,0.7
1220,2025-02-19,15,119,-34,4.941794571481476,3.943043739127482,1,global,0.28032009035942895,1.0,1.25,,0.0,0.7
1221,2025-02-19,77,112,70,9.286713196506534,9.374192020408804,1,global,9.373126652365709,1.0,1.25,,0.0,0.7
1222,2025-02-19,95,59,8,14.798330086036879,16.263713132321733,1,global,9.982888485412275,1.0,1.25,,0.0,0.7
1223,2025-02-19,70,68,-60,-18.364086919727562,-25.189308124883816,1,global,21.91474088468317,2.0,1.25,,0.0,0.7
1224,2025-02-19,10,123,64,-6.561400098966475,-10.435949598932456,1,global,22.740361986147775,1.0,1.25,,0.0,0.7
1225,2025-02-19,9,11,16,19.930917819374947,22.679447798994318,1,global,25.54893136427059,1.0,1.25,,0.0,0.7
1226,2025-02-19,14,4,-14,25.589627973696327,29.752835491896043,1,global,28.0521397732558,1.0,1.25,,0.0,0.7
1227,2025-02-19,51,128,28,41.25605913621257,49.33587444504135,1,global,48.437794218546614,1.0,1.25,,0.0,0.7
1228,2025-02-19,96,113,-6,24.916488892534318,28.911411640443532,1,global,27.75,1.0,1.25,,0.0,0.7
1229,2025-02-19,101,94,-82,-2.840814451085846,-5.785217539081671,1,global,11.437636060022168,1.0,1.25,,0.0,0.7
1230,2025-02-19,102,100,14,3.5167233001864213,2.161704650008663,1,global,2.8063407373361997,1.0,1.25,,0.0,0.7
1231,2025-02-19,54,61,70,24.51294745110988,28.406984838662986,1,global,27.26168563627102,1.0,1.25,,0.0,0.7
1232,2025-02-19,118,111,36,8.792887653722717,8.756910091929033,1,global,0.5828169094573816,1.0,1.25,,0.0,0.7
1233,2025-02-19,44,41,26,34.39936590815372,40.765007909967785,1,global,40.02181884896403,1.0,1.25,,0.0,0.7
1234,2025-02-19,23,18,-14,-16.676008833253903,-23.07921051679174,1,global,22.478532726910316,1.0,1.25,,0.0,0.7
1235,2025-02-19,32,29,14,7.197359066352375,6.762499357716106,1,global,9.263476761882568,2.0,1.25,,0.0,0.7
1236,2025-02-19,124,121,-30,10.254816459953705,10.584321099717767,1,global,11.147237272868207,1.0,1.25,,0.0,0.7
1237,2025-02-19,69,71,40,12.518056961661966,13.413371726853095,1,global,1.8580857039313194,1.0,1.25,,0.0,0.7
1238,2025-02-19,25,20,-20,10.33508731563167,10.684659669315224,1,global,12.889800049133225,2.0,1.25,,0.0,0.7
1239,2025-02-19,65,55,104,-10.982179639046322,-15.961924024032266,1,global,9.963131342026692,2.0,1.25,,0.0,0.7
1240,2025-02-19,115,106,16,-0.4733770161999331,-2.8259207454742796,1,global,1.3080831720929487,1.0,1.25,,0.0,0.7
1241,2025-02-19,91,110,36,0.9612124403109066,-1.03268392483573,1,global,8.799592424141784,1.0,1.25,,0.0,0.7
1242,2025-02-19,40,35,18,30.633008113457176,36.0570606665971,1,global,37.418917331170846,2.0,1.25,,0.0,0.7
1243,2025-02-19,13,2,-28,-19.24481505511035,-26.2902182941123,1,global,18.184274869656726,1.0,1.25,,0.0,0.7
1244,2025-02-19,33,30,-14,-0.6515409752480021,-3.048625694284366,1,global,1.295700576224771,1.0,1.25,,0.0,0.7
1245,2025-02-19,26,19,54,22.772034021064187,26.23084305110587,1,global,27.44171181860463,1.0,1.25,,0.0,0.7
1246,2025-02-19,5,8,52,17.594271928725355,19.75864043568233,1,global,9.337676887526413,1.0,1.25,,0.0,0.7
1791,2025-02-19,151,146,6,2.0090988924651736,0.27717414035710375,1,global,15.51910888363166,2.0,1.25,,0.0,0.7
1792,2025-02-19,159,154,-12,-8.924567959560779,-13.389909424675336,1,global,12.863298469125716,2.0,1.25,,0.0,0.7
1793,2025-02-19,147,149,-4,22.06565614942496,25.347870711556837,1,global,12.36454879244594,1.0,1.25,,0.0,0.7
1794,2025-02-19,154,165,-36,22.486058230801135,25.873373313277057,1,global,13.457905936516735,1.0,1.25,,0.0,0.7
1795,2025-02-19,138,136,-12,29.828975353512003,35.05201971666564,1,global,26.846234212573492,1.0,1.25,,0.0,0.7
1796,2025-02-19,163,160,12,0.593343316194062,-1.4925203299817857,1,global,2.31899346123393,1.0,1.25,,0.0,0.7
1247,2025-03-03,107,105,-36,-7.197779519790166,-13.714388159367097,2,global,14.621318747625988,2.0,1.45,,0.0,0.7
1248,2025-03-03,9,6,28,-0.4494962149458397,-3.9293773673428243,2,global,4.556064274924445,4.0,1.45,,0.0,0.7
1797,2025-03-03,145,152,-38,-0.20975418628440767,-3.5817514257837475,2,global,1.8526414087335978,3.0,1.45,,0.0,0.7
1798,2025-03-03,136,134,40,43.4053197485796,59.66010577976906,2,global,50.91292626289522,3.0,1.45,,0.0,0.7
1799,2025-03-03,131,139,-12,1.6423579149198408,-0.8961888790375876,2,global,2.101380514692581,3.0,1.45,,0.0,0.7
1800,2025-03-03,163,165,-68,-6.928910595174842,-13.324528218674878,2,global,13.903834122282817,3.0,1.45,,0.0,0.7
1801,2025-03-03,150,153,-88,-47.37598832555247,-71.97279092772244,2,global,56.335388103336456,3.0,1.45,,0.0,0.7
1802,2025-03-03,161,164,-96,-9.994143257302284,-17.769115578759667,2,global,13.856215293207438,4.0,1.45,,0.0,0.7
1249,2025-03-04,16,19,-78,-19.46333074146729,-31.499437430798924,2,global,23.89616404692794,3.0,1.45,,0.0,0.7
1250,2025-03-04,52,67,-34,-25.108806125632803,-39.68537673783892,2,global,33.82531494922904,4.0,1.45,,0.0,0.7
1251,2025-03-04,24,25,68,6.912177742951798,6.74504987160875,2,global,0.7163639139655941,3.0,1.45,,0.0,0.7
1252,2025-03-04,31,32,-8,15.318946115331922,18.93486401155993,2,global,13.635534774919225,4.0,1.45,,0.0,0.7
1253,2025-03-04,128,129,-2,-28.290477282146867,-44.29879991478431,2,global,36.1916736985796,3.0,1.45,,0.0,0.7
1254,2025-03-04,125,124,-4,23.175659222231218,30.32709801656391,2,global,22.600561635130415,2.0,1.45,,0.0,0.7
1255,2025-03-04,74,69,-34,-39.5958836339039,-60.691639124832015,2,global,53.19909039430144,3.0,1.45,,0.0,0.7
1256,2025-03-04,17,23,-48,-7.295850264868574,-13.856590739730787,2,global,15.211795629822948,4.0,1.45,,0.0,0.7
1257,2025-03-04,92,97,42,47.12837035241488,65.05852915533022,2,global,63.831779376959076,3.0,1.45,,0.0,0.7
1258,2025-03-04,64,59,10,10.552364017527958,12.023319969744183,2,global,8.967477160614356,3.0,1.45,,0.0,0.7
1259,2025-03-04,103,94,-62,-37.35517370079382,-57.44260972182239,2,global,51.13704784408759,4.0,1.45,,0.0,0.7
1260,2025-03-04,1,13,-26,-24.927891577435247,-39.42305064295246,2,global,34.38627594103258,4.0,1.45,,0.0,0.7
1261,2025-03-04,38,33,28,-2.5175403767722626,-6.928041401991138,2,global,2.9759037860720703,4.0,1.45,,0.0,0.7
1262,2025-03-04,8,54,-46,-37.45287245661982,-57.58427291777009,2,global,47.00802011994989,5.0,1.45,,0.0,0.7
1263,2025-03-04,106,108,-12,0.8553199820270931,-2.0373938817320716,2,global,2.2755142370915067,2.0,1.45,,0.0,0.7
1264,2025-03-04,123,51,-74,-25.164850355412906,-39.766640871020066,2,global,34.83670355153144,4.0,1.45,,0.0,0.7
1265,2025-03-04,43,49,-92,-32.472245501937536,-50.36236383348078,2,global,43.43304525281506,3.0,1.45,,0.0,0.7
1266,2025-03-04,62,60,42,33.75493106718111,45.66704219174125,2,global,40.64426791811503,3.0,1.45,,0.0,0.7
1267,2025-03-04,81,78,-6,3.827010828270538,2.271557845320923,2,global,1.330573746993771,3.0,1.45,,0.0,0.7
1268,2025-03-04,34,40,-42,-20.34930814513645,-32.78410466611921,2,global,27.213459946610502,4.0,1.45,,0.0,0.7
1269,2025-03-04,120,117,40,1.7362700126943098,-0.7600163372646076,2,global,6.117542258167688,3.0,1.45,,0.0,0.7
1270,2025-03-04,76,68,-26,-14.174063217302347,-23.82999952075976,2,global,25.12834301608014,4.0,1.45,,0.0,0.7
1271,2025-03-04,35,37,-48,-28.09818122408487,-44.019970630594415,2,global,37.61749501821031,4.0,1.45,,0.0,0.7
1272,2025-03-04,126,118,2,-1.3190779632038305,-5.190270902316911,2,global,4.2950734016903915,3.0,1.45,,0.0,0.7
1273,2025-03-04,102,90,-16,-32.70597144457112,-50.70126645029948,2,global,49.14938523513238,4.0,1.45,,0.0,0.7
1274,2025-03-04,112,115,-36,-21.398060089799237,-34.30479498588025,2,global,26.699167662046346,4.0,1.45,,0.0,0.7
1275,2025-03-04,93,96,-2,13.0195585057345,15.600751977643668,2,global,10.95133772987911,4.0,1.45,,0.0,0.7
1276,2025-03-04,2,14,28,26.302190308945825,34.86056809230009,2,global,30.533846443470885,4.0,1.45,,0.0,0.7
1277,2025-03-04,88,80,62,32.75562842171203,44.21805335581109,2,global,36.87295703273593,4.0,1.45,,0.0,0.7
1278,2025-03-04,15,26,-56,-41.743414064176456,-63.805558248727216,2,global,55.85743931369736,3.0,1.45,,0.0,0.7
1279,2025-03-04,45,42,-14,38.15607959170174,52.048707552296165,2,global,41.74137087918742,2.0,1.45,,0.0,0.7
1280,2025-03-04,82,89,-46,1.8994648050566578,-0.523383888339203,2,global,2.977477303782411,4.0,1.45,,0.0,0.7
1281,2025-03-04,48,44,12,4.604075970590652,3.3983023016850886,2,global,6.260632981387447,3.0,1.45,,0.0,0.7
1282,2025-03-04,57,65,-6,-7.566322943290316,-14.248776123442315,2,global,15.756137226983999,4.0,1.45,,0.0,0.7
1283,2025-03-04,61,56,-16,23.388757661935912,30.636090754135715,2,global,31.236643462031456,3.0,1.45,,0.0,0.7
1284,2025-03-04,18,21,26,-2.8103011156435036,-7.3525444733544365,2,global,8.652762693373347,4.0,1.45,,0.0,0.7
1285,2025-03-04,100,91,52,1.537561338307449,-1.0481439151255558,2,global,4.767553931628086,3.0,1.45,,0.0,0.7
1286,2025-03-04,20,66,6,25.815783040124398,34.15527755250902,2,global,20.96357402389485,3.0,1.45,,0.0,0.7
1287,2025-03-04,104,110,28,8.703721006436133,9.342787603661037,2,global,7.47716559484387,3.0,1.45,,0.0,0.7
1288,2025-03-04,36,30,96,26.17559148859788,34.67699980279557,2,global,35.3656289925779,3.0,1.45,,0.0,0.7
1289,2025-03-04,109,114,-10,11.812313450665018,13.850246647792918,2,global,9.5274823181024,3.0,1.45,,0.0,0.7
1290,2025-03-04,4,7,-8,-15.163423791694836,-25.264572353628868,2,global,18.767168667592973,2.0,1.45,,0.0,0.7
1291,2025-03-04,63,58,-6,21.42686131229769,27.79134104716029,2,global,19.2832901019292,4.0,1.45,,0.0,0.7
1292,2025-03-04,29,27,58,25.927019286632966,34.31657010994645,2,global,34.96683292662844,4.0,1.45,,0.0,0.7
1293,2025-03-04,12,3,14,-1.4779272810773891,-5.420602413233571,2,global,5.19119527201102,3.0,1.45,,0.0,0.7
1294,2025-03-04,127,119,-22,-36.41349145373023,-56.07717046358019,2,global,45.909062692917246,4.0,1.45,,0.0,0.7
1295,2025-03-04,47,50,14,22.821419551029,29.813450493320694,2,global,26.457099380353835,3.0,1.45,,0.0,0.7
1296,2025-03-04,122,116,-60,-9.23968097733757,-16.675145272810834,2,global,20.95301217203976,3.0,1.45,,0.0,0.7
1297,2025-03-04,87,85,-6,-4.483876274506737,-9.779228453706125,2,global,16.816809096096463,3.0,1.45,,0.0,0.7
1298,2025-03-04,84,83,56,52.87722161026315,73.3943634792102,2,global,62.97789853022171,4.0,1.45,,0.0,0.7
1299,2025-03-04,71,70,28,1.7729758844656436,-0.7067928231961735,2,global,3.733057975454823,4.0,1.45,,0.0,0.7
1300,2025-03-04,75,73,-62,-6.991040917993344,-13.414617186761706,2,global,7.921673579390098,3.0,1.45,,0.0,0.7
1301,2025-03-04,95,99,12,34.4771011550409,46.714188819137945,2,global,37.084520580719605,3.0,1.45,,0.0,0.7
1302,2025-03-04,11,10,6,2.012172891524447,-0.35995716296090885,2,global,0.3181896382430994,4.0,1.45,,0.0,0.7
1803,2025-03-04,160,159,-10,14.470945895310297,17.705263692528575,2,global,18.957180886990468,4.0,1.45,,0.0,0.7
1804,2025-03-04,130,140,72,21.66929610636252,28.142871498554296,2,global,21.731363631309936,3.0,1.45,,0.0,0.7
1805,2025-03-04,147,144,70,-10.15095238357901,-17.99648881186092,2,global,11.664736123239463,3.0,1.45,,0.0,0.7
1806,2025-03-04,156,160,-32,-20.60495311477462,-33.154789872094554,2,global,30.473406852627846,4.0,1.45,,0.0,0.7
1807,2025-03-04,146,147,24,8.629851202018042,9.235676387254802,2,global,17.21006229681091,3.0,1.45,,0.0,0.7
1808,2025-03-04,137,136,100,-1.260581741163171,-5.105451380357954,2,global,2.453149136328711,3.0,1.45,,0.0,0.7
1303,2025-03-17,113,111,-22,34.44768841401601,46.67154034465185,2,global,34.77974086094681,3.0,1.45,,0.0,0.7
1304,2025-03-17,114,112,34,12.86569971892634,15.377656736771836,2,global,13.278427420703117,3.0,1.45,,0.0,0.7
1809,2025-03-17,134,135,-70,-38.5255043402064,-59.139589148970636,2,global,53.504137892157374,4.0,1.45,,0.0,0.7
1810,2025-03-17,139,136,32,13.07181852371023,15.676529003708477,2,global,16.86126755083683,3.0,1.45,,0.0,0.7
1811,2025-03-17,143,146,52,-6.966710591524952,-13.379338213382535,2,global,14.712149257174186,4.0,1.45,,0.0,0.7
1812,2025-03-17,164,163,-24,-9.572655289065487,-17.157958024816313,2,global,15.347068227937498,3.0,1.45,,0.0,0.7
1813,2025-03-17,135,137,-38,8.432352575685064,8.949303379071985,2,global,5.046315812740724,4.0,1.45,,0.0,0.7
1814,2025-03-17,158,162,90,-23.300681411630244,-37.063595902535205,2,global,31.79958189134031,4.0,1.45,,0.0,0.7
1305,2025-03-18,80,89,68,-17.27080458929752,-28.320274510152757,2,global,22.019750737858775,4.0,1.45,,0.0,0.7
1306,2025-03-18,11,2,6,-45.885762296047034,-69.81196318493956,2,global,58.459466335577375,4.0,1.45,,0.0,0.7
1307,2025-03-18,60,61,6,-18.854675031356894,-30.616886651138852,2,global,27.441958025400734,4.0,1.45,,0.0,0.7
1308,2025-03-18,27,39,-22,10.649169675420081,12.16368817368776,2,global,3.6111113218884725,4.0,1.45,,0.0,0.7
1309,2025-03-18,96,92,8,-30.97132456178447,-48.18602847025884,2,global,45.54905193974893,4.0,1.45,,0.0,0.7
1310,2025-03-18,78,86,34,2.8518165920009824,0.8575262027300674,2,global,4.172157378570097,3.0,1.45,,0.0,0.7
1311,2025-03-18,93,102,-4,-1.256861527509181,-5.100057070559669,2,global,5.098348323906659,4.0,1.45,,0.0,0.7
1312,2025-03-18,44,47,-40,-19.702514232187184,-31.846253492342772,2,global,27.392577640549266,3.0,1.45,,0.0,0.7
1313,2025-03-18,97,103,44,-6.584419377406472,-12.82501595291074,2,global,12.770578177664511,3.0,1.45,,0.0,0.7
1314,2025-03-18,30,35,-32,12.55166916885732,14.922312439171758,2,global,11.78737683741781,3.0,1.45,,0.0,0.7
1315,2025-03-18,79,88,12,-25.583300635545335,-40.37339377721209,2,global,28.919134351624436,4.0,1.45,,0.0,0.7
1316,2025-03-18,85,82,84,1.0150895737539907,-1.8057279737280703,2,global,0.6861462205991843,4.0,1.45,,0.0,0.7
1317,2025-03-18,73,67,-34,14.872803840470912,18.287957713011465,2,global,8.46683991857438,4.0,1.45,,0.0,0.7
1318,2025-03-18,68,71,4,36.2393367881145,49.26943048709467,2,global,42.698767243479125,4.0,1.45,,0.0,0.7
1319,2025-03-18,33,32,-6,3.7415285543578536,2.147608548147531,2,global,1.9732802561526093,4.0,1.45,,0.0,0.7
1320,2025-03-18,121,125,6,-13.081342187655888,-22.245554027772393,2,global,17.451986416895668,2.0,1.45,,0.0,0.7
1321,2025-03-18,115,108,-20,5.044874561260488,4.037460258156351,2,global,7.096878395037793,2.0,1.45,,0.0,0.7
1322,2025-03-18,98,52,50,37.306205961348105,50.81639078828339,2,global,43.73280201594434,4.0,1.45,,0.0,0.7
1323,2025-03-18,70,74,22,26.163958034420716,34.66013129423868,2,global,29.019733009585718,4.0,1.45,,0.0,0.7
1324,2025-03-18,90,91,64,47.42852253655456,65.49374982233275,2,global,57.20148775881807,3.0,1.45,,0.0,0.7
1325,2025-03-18,8,12,-12,-13.590024688026293,-22.98314365330948,2,global,13.07510345294196,3.0,1.45,,0.0,0.7
1326,2025-03-18,124,128,48,38.1597070253397,52.053967331071206,2,global,44.899824911113875,3.0,1.45,,0.0,0.7
1327,2025-03-18,28,31,-14,-13.706859420361035,-23.152554015194855,2,global,14.940894556990965,4.0,1.45,,0.0,0.7
1328,2025-03-18,50,49,22,5.762009390256029,5.077305760199885,2,global,4.812455274555875,3.0,1.45,,0.0,0.7
1329,2025-03-18,19,20,6,-7.478860573995859,-14.12195568796535,2,global,8.57963715309174,3.0,1.45,,0.0,0.7
1330,2025-03-18,58,64,-40,-18.637803744019337,-30.302423284499394,2,global,23.814472808508583,3.0,1.45,,0.0,0.7
1331,2025-03-18,109,104,-6,-9.919680796478666,-17.66114501056542,2,global,18.59639094602852,3.0,1.45,,0.0,0.7
1332,2025-03-18,51,59,2,2.618757208921779,0.519590097265223,2,global,0.9188157191500147,4.0,1.45,,0.0,0.7
1333,2025-03-18,6,1,-6,22.061922091197257,28.712179176564664,2,global,22.44253461667252,4.0,1.45,,0.0,0.7
1334,2025-03-18,7,5,2,19.966646546343327,25.674029636526466,2,global,21.917364817162085,2.0,1.45,,0.0,0.7
1335,2025-03-18,69,72,76,0.42743183552064945,-2.657831694166415,2,global,1.6647665965756087,3.0,1.45,,0.0,0.7
1336,2025-03-18,84,87,2,15.542285605732218,19.25870627264036,2,global,23.16011164962948,3.0,1.45,,0.0,0.7
1337,2025-03-18,101,100,-12,-3.782412850161891,-8.762106488406097,2,global,7.881837515465592,4.0,1.45,,0.0,0.7
1338,2025-03-18,10,9,-36,-15.478678874927922,-25.721692224316843,2,global,17.521308054081256,4.0,1.45,,0.0,0.7
1339,2025-03-18,42,43,90,26.77184001103326,35.54156016032687,2,global,35.12347910942084,2.0,1.45,,0.0,0.7
1340,2025-03-18,46,41,86,36.49622671679253,49.641920883677805,2,global,36.785162367226924,4.0,1.45,,0.0,0.7
1341,2025-03-18,66,75,8,-11.39352661474781,-19.798221447055678,2,global,11.660990154729955,3.0,1.45,,0.0,0.7
1342,2025-03-18,3,4,-14,5.88963885737069,5.2623684875161425,2,global,1.2489308375618968,3.0,1.45,,0.0,0.7
1343,2025-03-18,34,36,-84,-28.23528494957077,-44.21877103254897,2,global,42.21708322026076,5.0,1.45,,0.0,0.7
1344,2025-03-18,126,120,4,7.154882185835868,7.096971313790651,2,global,5.799688064767906,3.0,1.45,,0.0,0.7
1345,2025-03-18,117,24,26,-7.827115493429125,-14.626925321143588,2,global,19.951311259600672,3.0,1.45,,0.0,0.7
1346,2025-03-18,23,16,-8,6.909547644568117,6.741236228952412,2,global,5.902387376964594,3.0,1.45,,0.0,0.7
1347,2025-03-18,40,38,16,23.14138868889067,30.277405743220115,2,global,22.963670452063877,4.0,1.45,,0.0,0.7
1348,2025-03-18,105,106,68,6.675886786969973,6.4024279854351045,2,global,7.709893421761837,2.0,1.45,,0.0,0.7
1349,2025-03-18,107,110,-16,-9.207360181888244,-16.62828011940931,2,global,18.958756911754264,2.0,1.45,,0.0,0.7
1350,2025-03-18,129,127,62,27.319706127713147,36.335966029512704,2,global,31.689648980809903,3.0,1.45,,0.0,0.7
1351,2025-03-18,26,17,84,63.85344286534179,89.30988429907423,2,global,82.54286415900069,3.0,1.45,,0.0,0.7
1352,2025-03-18,119,122,64,26.683678950144635,35.41372662203837,2,global,31.486212391751025,3.0,1.45,,0.0,0.7
1353,2025-03-18,25,18,56,-15.323652263432827,-25.496903637648956,2,global,13.693794129216407,4.0,1.45,,0.0,0.7
1354,2025-03-18,76,77,-10,3.485055692850747,1.7757228989622265,2,global,0.5588798840931785,4.0,1.45,,0.0,0.7
1355,2025-03-18,48,45,-10,-18.970683421108966,-30.785098816279355,2,global,23.294194740045317,4.0,1.45,,0.0,0.7
1356,2025-03-18,22,15,60,30.948030079512854,41.59703575962228,2,global,30.639558578647158,4.0,1.45,,0.0,0.7
1357,2025-03-18,56,63,-36,-23.252386576500424,-36.993568391596966,2,global,28.508458933156465,3.0,1.45,,0.0,0.7
1358,2025-03-18,83,81,-6,-30.253313621608193,-47.144912607003235,2,global,41.85334355347477,4.0,1.45,,0.0,0.7
1359,2025-03-18,57,62,-2,-0.8851425150336363,-4.5610645024701295,2,global,6.391584245611302,3.0,1.45,,0.0,0.7
1360,2025-03-18,94,99,50,64.18103848649115,89.7848979497408,2,global,77.88269420051411,3.0,1.45,,0.0,0.7
1815,2025-03-18,140,131,-74,-17.26684220401355,-28.314529051491,2,global,24.527113179991343,4.0,1.45,,0.0,0.7
1816,2025-03-18,133,141,12,21.412809452247092,27.770965850086927,2,global,22.625960344786886,4.0,1.45,,0.0,0.7
1817,2025-03-18,141,130,4,-18.536039936261165,-30.154865763250044,2,global,23.726014183056453,3.0,1.45,,0.0,0.7
1818,2025-03-18,159,165,-8,-23.13542067730938,-36.823967837769956,2,global,30.731673046149318,3.0,1.45,,0.0,0.7
1819,2025-03-18,157,163,-28,-10.532332644636057,-18.549490190393637,2,global,13.431268932816895,3.0,1.45,,0.0,0.7
1820,2025-03-18,148,149,4,24.937405099560472,32.88162953869133,2,global,24.407328284347468,4.0,1.45,,0.0,0.7
1361,2025-04-01,18,19,-8,8.356249453151094,8.83895385139773,2,global,7.930855624291015,3.0,1.45,,0.0,0.7
1362,2025-04-01,105,114,88,17.044485700057017,21.436896409411318,2,global,18.76339616506242,2.0,1.45,,0.0,0.7
1363,2025-04-01,72,68,-6,-6.930439544274978,-13.326745194870075,2,global,13.225321257931693,4.0,1.45,,0.0,0.7
1364,2025-04-01,71,66,-6,-11.724355179926306,-20.2779228665645,2,global,18.46137152899991,3.0,1.45,,0.0,0.7
1365,2025-04-01,120,119,-56,-18.938304951013816,-30.73815003464139,2,global,24.757400355532933,4.0,1.45,,0.0,0.7
1366,2025-04-01,122,129,-8,-5.538307381232458,-11.308153558458422,2,global,12.358545359836395,3.0,1.45,,0.0,0.7
1821,2025-04-01,138,130,6,2.9908743531685436,1.0591599564230316,2,global,2.899693756258449,3.0,1.45,,0.0,0.7
1822,2025-04-01,154,155,28,18.874011416428655,24.089708698150194,2,global,21.868425784351885,3.0,1.45,,0.0,0.7
1823,2025-04-01,162,155,-60,-8.98477468652646,-16.305531151134723,2,global,14.136726123575098,3.0,1.45,,0.0,0.7
1824,2025-04-01,132,139,68,11.404839809637803,13.259409868303457,2,global,5.690657624341181,3.0,1.45,,0.0,0.7
1825,2025-04-01,151,142,66,52.00231387970934,72.12574726990718,2,global,67.28672476789542,4.0,1.45,,0.0,0.7
1826,2025-04-01,142,152,-76,-45.150887283317026,-68.74639441648105,2,global,61.46262238671128,3.0,1.45,,0.0,0.7
1367,2025-04-02,15,21,-6,-20.95774137229209,-33.666332845494885,2,global,28.012019091954617,4.0,1.45,,0.0,0.7
1368,2025-04-02,54,84,70,13.205693560611332,15.870647807215075,2,global,16.902710483174523,5.0,1.45,,0.0,0.7
1369,2025-04-02,75,76,-48,16.117091027480818,20.092174134175828,2,global,18.68725410608998,3.0,1.45,,0.0,0.7
1370,2025-04-02,127,126,2,-18.604275567104743,-30.253807427973232,2,global,24.497223742248575,3.0,1.45,,0.0,0.7
1371,2025-04-02,37,31,58,12.329121243655877,14.599617947629664,2,global,16.247751268993685,4.0,1.45,,0.0,0.7
1372,2025-04-02,44,45,-14,-20.561862830975848,-33.09230896058634,2,global,28.327764391480944,3.0,1.45,,0.0,0.7
1373,2025-04-02,89,81,56,17.68963396079014,22.372361387474346,2,global,14.79881888868779,4.0,1.45,,0.0,0.7
1374,2025-04-02,41,50,-4,-16.482626699596484,-27.177416570086255,2,global,15.623593320840925,3.0,1.45,,0.0,0.7
1375,2025-04-02,67,77,20,14.73328035857777,18.08564866426641,2,global,19.928030980950698,4.0,1.45,,0.0,0.7
1376,2025-04-02,4,6,-6,-1.1101434865672433,-4.887315911193859,2,global,0.17890508314628673,3.0,1.45,,0.0,0.7
1377,2025-04-02,39,38,4,-23.39310646673779,-37.19761223244115,2,global,29.80067367796464,4.0,1.45,,0.0,0.7
1378,2025-04-02,73,69,-48,21.462869558373686,27.843553003970488,2,global,18.82479918381088,3.0,1.45,,0.0,0.7
1379,2025-04-02,111,115,20,-18.73044774798504,-30.43675709024966,2,global,22.32857773642989,4.0,1.45,,0.0,0.7
1380,2025-04-02,98,95,76,5.956811606208185,5.359768973330511,2,global,9.951472133778264,4.0,1.45,,0.0,0.7
1381,2025-04-02,97,96,-32,-7.118356108459101,-13.599224212937052,2,global,14.60153744735469,3.0,1.45,,0.0,0.7
1382,2025-04-02,59,65,-6,-10.956056649532524,-19.163889997493516,2,global,19.914835217382382,4.0,1.45,,0.0,0.7
1383,2025-04-02,108,113,-48,-8.710528984396372,-15.907874883046095,2,global,14.639788199747429,2.0,1.45,,0.0,0.7
1384,2025-04-02,49,42,-36,14.73909517307559,18.09408014528825,2,global,11.990756133249677,2.0,1.45,,0.0,0.7
1385,2025-04-02,90,101,76,55.699167169856544,77.48618454062063,2,global,72.30500586581539,4.0,1.45,,0.0,0.7
1386,2025-04-02,32,28,16,7.426602987200425,7.49096647576926,2,global,4.986549771927203,4.0,1.45,,0.0,0.7
1387,2025-04-02,13,8,104,34.24470200960462,46.37721005825534,2,global,37.371647438267594,4.0,1.45,,0.0,0.7
1388,2025-04-02,86,82,34,-11.203443382499458,-19.522600760295568,2,global,17.143710668274963,4.0,1.45,,0.0,0.7
1389,2025-04-02,24,22,-12,-21.2120643433453,-34.03510115352204,2,global,25.69046022324789,3.0,1.45,,0.0,0.7
1390,2025-04-02,55,58,-94,3.9207171122096973,2.4074319570327045,2,global,2.1713128083695388,4.0,1.45,,0.0,0.7
1391,2025-04-02,7,11,16,40.02086874637199,54.75265182656803,2,global,46.24988903779534,2.0,1.45,,0.0,0.7
1392,2025-04-02,80,78,-2,-1.7799529216843881,-5.858539592113719,2,global,8.344484762080857,3.0,1.45,,0.0,0.7
1393,2025-04-02,63,60,90,30.769890188816486,41.33873291811255,2,global,29.62202681633303,4.0,1.45,,0.0,0.7
1394,2025-04-02,99,109,94,-7.916187933327101,-14.756080358995654,2,global,9.136407734989287,3.0,1.45,,0.0,0.7
1395,2025-04-02,91,92,-64,-25.391662499076702,-40.095518479332576,2,global,35.09734174974521,3.0,1.45,,0.0,0.7
1396,2025-04-02,56,62,-62,-26.237427454865042,-41.321877665225664,2,global,39.53070003493847,3.0,1.45,,0.0,0.7
1397,2025-04-02,48,46,-6,-12.29061872776358,-21.099005010928547,2,global,15.836414325193989,4.0,1.45,,0.0,0.7
1398,2025-04-02,125,123,26,51.05317988983485,70.74950298458917,2,global,59.73816292368043,2.0,1.45,,0.0,0.7
1399,2025-04-02,87,79,-40,11.542051468158505,13.458366773158474,2,global,2.139805814984232,3.0,1.45,,0.0,0.7
1400,2025-04-02,17,52,32,2.0069521733807205,-0.36752720426931207,2,global,5.474524275010747,4.0,1.45,,0.0,0.7
1401,2025-04-02,104,106,16,14.376291894780412,17.56801539176024,2,global,18.29743385078216,3.0,1.45,,0.0,0.7
1402,2025-04-02,47,43,86,61.05567444322256,85.25312008700135,2,global,74.70259990772476,3.0,1.45,,0.0,0.7
1403,2025-04-02,118,124,-14,0.8117970237452212,-2.1005021712407856,2,global,4.2431230696942865,3.0,1.45,,0.0,0.7
1404,2025-04-02,20,26,-20,-18.44756956523556,-30.026583725262917,2,global,33.39527472641173,3.0,1.45,,0.0,0.7
1405,2025-04-02,35,29,14,-5.818494855826603,-11.71442539661993,2,global,11.82766602507475,4.0,1.45,,0.0,0.7
1406,2025-04-02,3,10,-14,23.72056702140098,31.117214325360067,2,global,24.73227157966571,4.0,1.45,,0.0,0.7
1407,2025-04-02,16,25,12,-6.4701348097380125,-12.659303329791474,2,global,15.679098882098902,3.0,1.45,,0.0,0.7
1408,2025-04-02,33,27,14,27.31306341098506,36.32633409025698,2,global,34.07371946195552,4.0,1.45,,0.0,0.7
1409,2025-04-02,5,14,28,-2.5422463477963033,-6.963865059975996,2,global,4.820159001425038,3.0,1.45,,0.0,0.7
1410,2025-04-02,116,121,76,-1.1976903780441885,-5.0142589038354295,2,global,0.8730570311934464,4.0,1.45,,0.0,0.7
1411,2025-04-02,61,57,20,-1.963527277895495,-6.124722408619824,2,global,1.902472327295703,4.0,1.45,,0.0,0.7
1412,2025-04-02,12,1,-62,16.324800498752,20.393352867519045,2,global,14.997985275514221,3.0,1.45,,0.0,0.7
1413,2025-04-02,40,30,50,18.28961468416356,23.242333436365804,2,global,20.36200571892765,3.0,1.45,,0.0,0.7
1414,2025-04-02,53,107,70,-6.870680356261961,-13.2400943722512,2,global,0.47906534073242557,2.0,1.45,,0.0,0.7
1415,2025-04-02,51,23,6,11.357205361938174,13.190339919138996,2,global,9.717692048773383,4.0,1.45,,0.0,0.7
1827,2025-04-02,149,153,-2,-27.974813193010746,-43.84108698553694,2,global,39.87173056219405,3.0,1.45,,0.0,0.7
1828,2025-04-02,144,143,56,20.539398015981007,26.504519267501102,2,global,14.075076403410023,4.0,1.45,,0.0,0.7
1829,2025-04-02,155,161,42,6.868938296423757,6.6823526741430905,2,global,9.104549597228907,3.0,1.45,,0.0,0.7
1830,2025-04-02,165,156,-38,41.32101413966879,56.63786264684839,2,global,47.15615233159398,3.0,1.45,,0.0,0.7
1831,2025-04-02,153,151,26,32.072295716630954,43.227220933443526,2,global,38.75839830139647,3.0,1.45,,0.0,0.7
1832,2025-04-02,152,147,-40,4.649777858834355,3.464570039638458,2,global,3.7737577492310557,3.0,1.45,,0.0,0.7
1416,2025-04-14,83,85,-2,-42.71872875875896,-63.03112243840651,3,global,60.05751037356346,6.0,1.4182069179926442,,0.0,0.7
1417,2025-04-14,62,59,6,17.827827744940908,22.836422855773158,3,global,14.954898717276377,6.0,1.4182069179926442,,0.0,0.7
1418,2025-04-14,55,64,-82,-31.582168442997506,-47.23717555595128,3,global,45.32152136305994,5.0,1.4182069179926442,,0.0,0.7
1419,2025-04-14,108,111,16,11.648151517457483,14.072363279001479,3,global,8.653873593102158,5.0,1.4182069179926442,,0.0,0.7
1833,2025-04-14,136,142,80,38.396140210004184,52.00654588516023,3,global,50.298155225076975,6.0,1.4182069179926442,,0.0,0.7
1834,2025-04-14,144,154,-34,-2.3374773583011637,-5.762152345077122,3,global,11.090386222493073,6.0,1.4182069179926442,,0.0,0.7
1835,2025-04-14,143,161,38,16.681976028749773,21.211368024877146,3,global,23.28475686567217,6.0,1.4182069179926442,,0.0,0.7
1836,2025-04-14,151,158,60,31.77095478461857,42.61066208189432,3,global,41.783985476814046,6.0,1.4182069179926442,,0.0,0.7
1837,2025-04-14,134,150,44,-15.255941923758261,-24.083208161651214,3,global,29.716395378899747,6.0,1.4182069179926442,,0.0,0.7
1838,2025-04-14,152,154,14,-6.804510978944033,-12.097330328778568,3,global,14.229053289209642,6.0,1.4182069179926442,,0.0,0.7
1420,2025-04-15,21,25,8,23.495994414940142,30.875056039501402,3,global,22.670971658311625,6.0,1.4182069179926442,,0.0,0.7
1421,2025-04-15,1,4,64,1.123911788758699,-0.8531863108521667,3,global,3.5787347774750473,6.0,1.4182069179926442,,0.0,0.7
1422,2025-04-15,19,24,60,19.08522251072259,24.61966881125248,3,global,16.82509324484636,6.0,1.4182069179926442,,0.0,0.7
1839,2025-04-15,132,149,-34,23.77174306462361,31.266124682109627,3,global,22.011225744114146,6.0,1.4182069179926442,,0.0,0.7
1840,2025-04-15,163,138,22,6.918926804074219,7.365344073739552,3,global,3.2584419255295627,6.0,1.4182069179926442,,0.0,0.7
1841,2025-04-15,148,164,36,11.605352943380797,14.0116660451657,3,global,8.157427199347586,6.0,1.4182069179926442,,0.0,0.7
1842,2025-04-15,139,150,92,31.306461904085932,41.951915065364595,3,global,33.67592865453403,6.0,1.4182069179926442,,0.0,0.7
1843,2025-04-15,164,130,-26,5.987404095386954,6.0442521240120275,3,global,1.9467387907696125,6.0,1.4182069179926442,,0.0,0.7
1844,2025-04-15,137,148,34,-2.8024455214654376,-6.421573410723028,3,global,1.466736758220786,6.0,1.4182069179926442,,0.0,0.7
1423,2025-04-16,16,99,-80,-2.749828293197658,-6.346951293588065,3,global,12.442817387211628,6.0,1.4182069179926442,,0.0,0.7
1424,2025-04-16,82,87,42,0.5916063942482621,-1.6081055038316718,3,global,0.4142494835936563,6.0,1.4182069179926442,,0.0,0.7
1425,2025-04-16,8,7,-10,-34.77056829771509,-51.75898628723849,3,global,38.7932364282233,5.0,1.4182069179926442,,0.0,0.7
1426,2025-04-16,45,49,44,22.18991916117877,29.022771079198026,3,global,25.240103846430834,6.0,1.4182069179926442,,0.0,0.7
1427,2025-04-16,31,39,42,27.463362482375075,36.50160487896073,3,global,34.00127785134331,6.0,1.4182069179926442,,0.0,0.7
1428,2025-04-16,68,66,-34,18.25050579940134,23.43586779669261,3,global,19.270957512656594,6.0,1.4182069179926442,,0.0,0.7
1429,2025-04-16,100,103,14,23.342177585606553,30.656911948036807,3,global,27.55614820037639,6.0,1.4182069179926442,,0.0,0.7
1430,2025-04-16,106,112,-40,22.024949095086438,28.788809390204175,3,global,29.127704299875454,6.0,1.4182069179926442,,0.0,0.7
1431,2025-04-16,93,94,-70,-30.03691045790749,-45.045679991413245,3,global,42.3499226881004,6.0,1.4182069179926442,,0.0,0.7
1432,2025-04-16,78,89,42,-1.4992926732691227,-4.573433026209196,3,global,3.994569212346328,6.0,1.4182069179926442,,0.0,0.7
1433,2025-04-16,124,126,-36,17.566980549571014,22.466487558760594,3,global,21.440132829958443,6.0,1.4182069179926442,,0.0,0.7
1434,2025-04-16,22,18,-8,22.20267965941471,29.040868106073265,3,global,22.246471860500414,6.0,1.4182069179926442,,0.0,0.7
1435,2025-04-16,109,115,16,-8.749572144622132,-14.855829529862085,3,global,13.731644862582677,6.0,1.4182069179926442,,0.0,0.7
1436,2025-04-16,53,104,6,-13.597589161553671,-21.731320801820456,3,global,12.791915756769649,6.0,1.4182069179926442,,0.0,0.7
1437,2025-04-16,35,32,16,-3.581239295801155,-7.526064129175545,3,global,3.48129480664594,7.0,1.4182069179926442,,0.0,0.7
1438,2025-04-16,79,84,-62,-1.834123954099491,-5.048293065043161,3,global,4.316802419714026,7.0,1.4182069179926442,,0.0,0.7
1439,2025-04-16,38,34,-2,13.655107658598482,16.918642362475463,3,global,18.269582860642128,7.0,1.4182069179926442,,0.0,0.7
1440,2025-04-16,52,74,42,19.127476527014263,24.679593749470303,3,global,27.928228614946562,7.0,1.4182069179926442,,0.0,0.7
1441,2025-04-16,30,28,6,-2.100392166522407,-5.425916485942876,3,global,8.077717394360944,6.0,1.4182069179926442,,0.0,0.7
1442,2025-04-16,128,125,-34,-31.197165327941946,-46.69116147473077,3,global,39.768782151827644,5.0,1.4182069179926442,,0.0,0.7
1443,2025-04-16,13,3,42,31.99912963300256,42.934261230384415,3,global,38.37601003330792,6.0,1.4182069179926442,,0.0,0.7
1444,2025-04-16,50,46,-22,-11.878039144932803,-19.292643072414375,3,global,20.442321847935368,6.0,1.4182069179926442,,0.0,0.7
1445,2025-04-16,123,118,-28,-19.12816611269313,-29.5748232944171,3,global,29.67172582586614,6.0,1.4182069179926442,,0.0,0.7
1446,2025-04-16,70,73,-42,-24.477605739035674,-37.161435579880084,3,global,37.81314685493061,6.0,1.4182069179926442,,0.0,0.7
1447,2025-04-16,95,101,6,11.828460564483944,14.328078816871066,3,global,8.919235136727199,6.0,1.4182069179926442,,0.0,0.7
1448,2025-04-16,27,40,-28,-43.440347172514976,-64.05452666494618,3,global,58.9171242300493,7.0,1.4182069179926442,,0.0,0.7
1449,2025-04-16,54,9,42,20.29964912025613,26.341977030287296,3,global,29.7387251184938,6.0,1.4182069179926442,,0.0,0.7
1450,2025-04-16,76,67,-54,-9.926115585523057,-16.524411577066644,3,global,13.340970164846691,7.0,1.4182069179926442,,0.0,0.7
1451,2025-04-16,77,72,78,3.975761578227078,3.1913267896477544,3,global,1.0888284030218291,6.0,1.4182069179926442,,0.0,0.7
1452,2025-04-16,2,5,28,21.35294367763755,27.83576665824963,3,global,26.909097054309633,5.0,1.4182069179926442,,0.0,0.7
1453,2025-04-16,41,48,-62,-18.66218467627485,-28.91396519763255,3,global,28.633925860401284,6.0,1.4182069179926442,,0.0,0.7
1454,2025-04-16,29,33,14,12.50137435199277,15.282409805528715,3,global,16.335194875054732,7.0,1.4182069179926442,,0.0,0.7
1455,2025-04-16,119,117,-22,26.26208688197629,34.79794751205941,3,global,35.66100457569076,5.0,1.4182069179926442,,0.0,0.7
1456,2025-04-16,97,91,-2,6.0860583237194525,6.184164233122402,3,global,2.2962332454819707,6.0,1.4182069179926442,,0.0,0.7
1457,2025-04-16,43,44,-20,-29.315947203847983,-44.023204916887565,3,global,46.89849078478044,6.0,1.4182069179926442,,0.0,0.7
1458,2025-04-16,36,37,2,5.63241336675125,5.5408018168376225,3,global,8.744138537719436,6.0,1.4182069179926442,,0.0,0.7
1459,2025-04-16,121,122,14,21.01312793165883,27.353837616459774,3,global,22.711904438656358,6.0,1.4182069179926442,,0.0,0.7
1460,2025-04-16,113,107,44,34.00670344297474,45.7814162960678,3,global,40.53469417496401,5.0,1.4182069179926442,,0.0,0.7
1461,2025-04-16,81,80,32,-1.426778761893579,-4.470593295445694,3,global,5.492502501074743,7.0,1.4182069179926442,,0.0,0.7
1462,2025-04-16,14,6,20,8.48686606775883,9.589006384489362,3,global,10.501658870984365,6.0,1.4182069179926442,,0.0,0.7
1463,2025-04-16,129,116,-28,-11.142936233678597,-18.250115038237126,3,global,25.375875135849913,6.0,1.4182069179926442,,0.0,0.7
1464,2025-04-16,10,12,34,-0.9735775241521338,-3.827860164837948,3,global,3.1320551020311695,6.0,1.4182069179926442,,0.0,0.7
1465,2025-04-16,69,75,-20,28.050571567627557,37.33438886597393,3,global,34.086512649413784,6.0,1.4182069179926442,,0.0,0.7
1466,2025-04-16,102,98,-42,-2.3610330592235984,-5.795559203083485,3,global,8.500662213632896,6.0,1.4182069179926442,,0.0,0.7
1467,2025-04-16,110,105,-32,-11.394361334174054,-18.60668785511678,3,global,17.071190066762714,5.0,1.4182069179926442,,0.0,0.7
1468,2025-04-16,42,47,14,-7.922597171164573,-13.683007901497792,3,global,9.501492825030812,5.0,1.4182069179926442,,0.0,0.7
1469,2025-04-16,88,86,42,26.66258968221703,35.36594335403625,3,global,33.764919552741254,6.0,1.4182069179926442,,0.0,0.7
1845,2025-04-16,158,131,-58,-32.87771687471765,-49.07453130441131,3,global,51.53734891372813,6.0,1.4182069179926442,,0.0,0.7
1846,2025-04-16,138,148,50,-4.169117110050013,-8.359796512277669,3,global,3.3050633227235644,6.0,1.4182069179926442,,0.0,0.7
1847,2025-04-16,150,158,-36,11.333901701493502,13.626692016023444,3,global,18.454608230967295,6.0,1.4182069179926442,,0.0,0.7
1848,2025-04-16,135,151,70,3.3972565922153137,2.3708870163926328,3,global,2.4282082497338293,6.0,1.4182069179926442,,0.0,0.7
1849,2025-04-16,153,159,68,25.719364124388594,34.02825434269649,3,global,29.02069474535115,6.0,1.4182069179926442,,0.0,0.7
1850,2025-04-16,130,146,24,11.26301052922058,13.526153665081377,3,global,12.019072348212285,6.0,1.4182069179926442,,0.0,0.7
1470,2025-04-28,63,61,34,17.284396860252848,22.065725415657685,3,global,14.723829710837599,7.0,1.4182069179926442,,0.0,0.7
1471,2025-04-28,60,56,-56,-1.6194127168859689,-4.743788103056185,3,global,4.193718218528851,6.0,1.4182069179926442,,0.0,0.7
1472,2025-04-28,65,58,-14,16.862877547951925,21.467923810885015,3,global,17.584510956490206,6.0,1.4182069179926442,,0.0,0.7
1851,2025-04-28,149,156,32,12.599183641425554,15.421123616446234,3,global,16.517872317979496,6.0,1.4182069179926442,,0.0,0.7
1852,2025-04-28,157,141,-16,14.22678261292711,17.729395737547453,3,global,16.567617664777117,6.0,1.4182069179926442,,0.0,0.7
1853,2025-04-28,133,142,44,55.34495969966896,76.04347893721138,3,global,74.89319900953852,6.0,1.4182069179926442,,0.0,0.7
1854,2025-04-28,156,138,-66,-9.993096966535084,-16.619405034994607,3,global,14.038877671735406,6.0,1.4182069179926442,,0.0,0.7
1855,2025-04-28,140,148,-64,-31.076856583807412,-46.520538781504165,3,global,37.22686182289734,6.0,1.4182069179926442,,0.0,0.7
1856,2025-04-28,131,153,4,-13.503383053690893,-21.597717047932303,3,global,16.476107257277953,6.0,1.4182069179926442,,0.0,0.7
1473,2025-04-29,64,62,20,4.754722581762678,4.2960546737084355,3,global,1.4553540908694098,5.0,1.4182069179926442,,0.0,0.7
1474,2025-04-29,23,20,16,-17.095691194054016,-26.692353304156573,3,global,22.514470551733737,7.0,1.4182069179926442,,0.0,0.7
1475,2025-04-29,59,55,84,25.556056883340435,33.7966508836837,3,global,40.96443652675956,5.0,1.4182069179926442,,0.0,0.7
1476,2025-04-29,113,109,6,32.66405385438956,43.87726136109632,3,global,38.51011539019134,5.0,1.4182069179926442,,0.0,0.7
1857,2025-04-29,141,144,20,-12.509265778294939,-20.187853050669762,3,global,14.4413429850268,6.0,1.4182069179926442,,0.0,0.7
1858,2025-04-29,162,134,10,13.10639108024833,16.140448715042023,3,global,15.467032609922008,6.0,1.4182069179926442,,0.0,0.7
1859,2025-04-29,160,140,20,31.997122659662455,42.93141492690925,3,global,42.101975760970355,6.0,1.4182069179926442,,0.0,0.7
1860,2025-04-29,147,164,-36,4.365557356507507,3.7441378590093857,3,global,3.41597184940976,6.0,1.4182069179926442,,0.0,0.7
1861,2025-04-29,142,155,-34,-43.06163011691358,-63.51742751673047,3,global,65.38279364003063,6.0,1.4182069179926442,,0.0,0.7
1862,2025-04-29,145,162,22,28.518542195251058,37.99806804748694,3,global,39.969945804918574,6.0,1.4182069179926442,,0.0,0.7
1477,2025-04-30,116,119,10,0.8037587779265154,-1.3072295256305433,3,global,4.520676436387184,6.0,1.4182069179926442,,0.0,0.7
1478,2025-04-30,25,19,-54,-18.89053968097759,-29.237819845060216,3,global,18.36375929169783,6.0,1.4182069179926442,,0.0,0.7
1479,2025-04-30,87,86,62,3.3878814508267077,2.3575911260181526,3,global,2.512041443647317,6.0,1.4182069179926442,,0.0,0.7
1480,2025-04-30,47,48,34,23.72939446325018,31.206065602674514,3,global,21.295642692653672,6.0,1.4182069179926442,,0.0,0.7
1481,2025-04-30,50,42,8,-0.4157598054819598,-3.0367592172410323,3,global,5.8484750695547625,5.0,1.4182069179926442,,0.0,0.7
1482,2025-04-30,102,92,-30,-11.487550760754505,-18.738849744576942,3,global,23.193159612868538,6.0,1.4182069179926442,,0.0,0.7
1483,2025-04-30,12,5,8,-9.080781552272647,-15.32555300309629,3,global,19.532045375454533,5.0,1.4182069179926442,,0.0,0.7
1484,2025-04-30,74,73,-90,-43.250223712021224,-63.78489225800124,3,global,59.506477396051785,7.0,1.4182069179926442,,0.0,0.7
1485,2025-04-30,122,127,12,9.771510030960492,11.410897340259446,3,global,10.838916712477541,6.0,1.4182069179926442,,0.0,0.7
1486,2025-04-30,80,83,28,31.522630982793448,42.25848754824369,3,global,41.29766672527892,6.0,1.4182069179926442,,0.0,0.7
1487,2025-04-30,38,27,38,29.54091095851964,39.44799850029403,3,global,41.123277596280936,7.0,1.4182069179926442,,0.0,0.7
1488,2025-04-30,107,108,-8,-16.221693762230842,-25.452844100037144,3,global,18.937803250432076,5.0,1.4182069179926442,,0.0,0.7
1489,2025-04-30,98,53,22,40.41811143321634,54.874119461901756,3,global,50.024759460487644,6.0,1.4182069179926442,,0.0,0.7
1490,2025-04-30,31,33,46,15.82465699997601,19.99551224734346,3,global,17.308144945627937,7.0,1.4182069179926442,,0.0,0.7
1491,2025-04-30,16,22,-34,-32.94008352985633,-49.16298012618105,3,global,44.9733216144999,6.0,1.4182069179926442,,0.0,0.7
1492,2025-04-30,29,36,62,-22.585042166404627,-34.47738882843386,3,global,34.0661764439957,7.0,1.4182069179926442,,0.0,0.7
1493,2025-04-30,115,104,14,-8.533188421153113,-14.548952636297315,3,global,11.326037283520437,6.0,1.4182069179926442,,0.0,0.7
1494,2025-04-30,9,2,-14,-8.90554510406852,-15.077031459968737,3,global,18.99554082682393,6.0,1.4182069179926442,,0.0,0.7
1495,2025-04-30,21,26,-14,-20.88546545019506,-32.067037371846226,3,global,31.30707659023138,6.0,1.4182069179926442,,0.0,0.7
1496,2025-04-30,90,96,28,36.83402586355698,49.79114451233325,3,global,52.029245047822975,7.0,1.4182069179926442,,0.0,0.7
1497,2025-04-30,91,106,2,14.90050882237809,18.684878908623794,3,global,21.377519858698307,6.0,1.4182069179926442,,0.0,0.7
1498,2025-04-30,46,45,-20,7.3509401954224,7.978028454015007,3,global,8.107533736946827,7.0,1.4182069179926442,,0.0,0.7
1499,2025-04-30,88,82,70,30.961321220665322,41.46243416045678,3,global,37.693711578610305,6.0,1.4182069179926442,,0.0,0.7
1500,2025-04-30,101,124,28,0.5639237503983123,-1.6473652208479972,3,global,4.363095156903208,6.0,1.4182069179926442,,0.0,0.7
1501,2025-04-30,7,13,36,0.5872477695521443,-1.6142869355286398,3,global,7.220921303550288,5.0,1.4182069179926442,,0.0,0.7
1502,2025-04-30,54,14,22,26.942899179100863,35.763480221695936,3,global,33.63677854790764,6.0,1.4182069179926442,,0.0,0.7
1503,2025-04-30,75,70,16,13.273280726745185,16.37713276624521,3,global,18.942497842255392,6.0,1.4182069179926442,,0.0,0.7
1504,2025-04-30,69,52,14,40.96899374034402,55.65538456086998,3,global,46.79411241784379,6.0,1.4182069179926442,,0.0,0.7
1505,2025-04-30,32,37,6,-17.42373238709546,-27.15758359351451,3,global,29.69262632254167,6.0,1.4182069179926442,,0.0,0.7
1506,2025-04-30,118,121,-2,2.3805538554293597,0.9289921615407382,3,global,5.052088393093856,6.0,1.4182069179926442,,0.0,0.7
1507,2025-04-30,18,17,50,29.582545434901487,39.507044802725765,3,global,39.171784059954454,7.0,1.4182069179926442,,0.0,0.7
1508,2025-04-30,72,76,-28,2.6105183088609247,1.255129340289781,3,global,1.064081038119267,6.0,1.4182069179926442,,0.0,0.7
1509,2025-04-30,34,35,-14,-6.0159685574268815,-10.979014011452271,3,global,9.239477082353947,7.0,1.4182069179926442,,0.0,0.7
1510,2025-04-30,94,100,28,30.871840156499296,41.335531496227176,3,global,40.88121596818318,6.0,1.4182069179926442,,0.0,0.7
1511,2025-04-30,95,97,-6,12.231076206023832,14.89907110499498,3,global,9.901153822826597,6.0,1.4182069179926442,,0.0,0.7
1512,2025-04-30,112,110,-20,-24.560030447016622,-37.27833087095219,3,global,36.88082660924701,6.0,1.4182069179926442,,0.0,0.7
1513,2025-04-30,111,114,-10,11.593963687874881,13.995513724216426,3,global,15.189845810741712,6.0,1.4182069179926442,,0.0,0.7
1514,2025-04-30,103,129,28,2.8341606450180756,1.5723004485838885,3,global,7.833704660993684,6.0,1.4182069179926442,,0.0,0.7
1515,2025-04-30,39,30,14,-1.2194050777627918,-4.17649450200179,3,global,4.950703908477028,6.0,1.4182069179926442,,0.0,0.7
1516,2025-04-30,126,123,62,21.364102106404086,27.851591619120256,3,global,21.95216893778209,6.0,1.4182069179926442,,0.0,0.7
1517,2025-04-30,84,78,28,8.424789158268117,9.50096848200203,3,global,10.34693640028543,6.0,1.4182069179926442,,0.0,0.7
1518,2025-04-30,117,125,14,-6.9806051583482605,-12.347068312227881,3,global,16.035359420176647,5.0,1.4182069179926442,,0.0,0.7
1519,2025-04-30,66,51,-42,-2.777436679894582,-6.386105698596259,3,global,3.18815098618577,6.0,1.4182069179926442,,0.0,0.7
1520,2025-04-30,120,128,54,25.265942013745658,33.38520796861185,3,global,30.741874097299437,7.0,1.4182069179926442,,0.0,0.7
1521,2025-04-30,99,93,58,-7.055359968419428,-12.453086101024038,3,global,9.458309007904392,6.0,1.4182069179926442,,0.0,0.7
1522,2025-04-30,49,44,-14,9.517495158607538,11.050651691015467,3,global,8.238555421826927,6.0,1.4182069179926442,,0.0,0.7
1523,2025-04-30,79,81,22,16.404881137201713,20.818390132743264,3,global,18.709751691685163,7.0,1.4182069179926442,,0.0,0.7
1524,2025-04-30,67,71,54,26.55733863865457,35.21667559593002,3,global,26.51979215253258,7.0,1.4182069179926442,,0.0,0.7
1525,2025-04-30,89,85,6,-1.3093679315568636,-4.304080443614904,3,global,7.578159225899174,7.0,1.4182069179926442,,0.0,0.7
1526,2025-04-30,24,15,-2,14.079872168844425,17.521046329424017,3,global,13.704791835638048,6.0,1.4182069179926442,,0.0,0.7
1527,2025-04-30,4,11,6,8.512562773769222,9.625449630722922,3,global,11.034756204609563,6.0,1.4182069179926442,,0.0,0.7
1528,2025-04-30,77,68,6,-11.994939673192182,-19.45843221030882,3,global,18.936329905937082,6.0,1.4182069179926442,,0.0,0.7
1529,2025-04-30,43,41,-58,-14.16482102772213,-22.535772958526444,3,global,27.436177297657558,6.0,1.4182069179926442,,0.0,0.7
1530,2025-04-30,28,40,-56,-21.750076254983803,-33.29323439656881,3,global,26.918807695231898,6.0,1.4182069179926442,,0.0,0.7
1863,2025-04-30,159,133,2,4.103381864835351,3.372318762991811,3,global,6.3659983640864635,6.0,1.4182069179926442,,0.0,0.7
1864,2025-04-30,155,137,-64,-3.5716425825460574,-7.512454004047173,3,global,9.28856961098118,6.0,1.4182069179926442,,0.0,0.7
1865,2025-04-30,161,133,-50,-18.023441049061105,-28.0080945666943,3,global,26.847484939181744,6.0,1.4182069179926442,,0.0,0.7
1866,2025-04-30,146,158,12,31.46266119359194,42.173437978327556,3,global,44.974456122027746,6.0,1.4182069179926442,,0.0,0.7
1867,2025-04-30,154,133,54,11.950756470400126,14.501519716683571,3,global,15.857637373035494,6.0,1.4182069179926442,,0.0,0.7
1868,2025-04-30,165,131,-56,13.805833242592133,17.13240242841374,3,global,12.220633889185205,6.0,1.4182069179926442,,0.0,0.7
1531,2025-05-13,57,56,20,13.989305419206248,19.29968912070645,4,global,21.671979044888907,7.0,1.4229460911232095,,0.0,0.7
1532,2025-05-13,63,64,56,-2.057204813145587,-3.533629890587179,4,global,4.55487767667082,7.0,1.4229460911232095,,0.0,0.7
1533,2025-05-13,65,60,56,38.591670901115606,54.30752891557394,4,global,50.76812423770829,7.0,1.4229460911232095,,0.0,0.7
1534,2025-05-13,58,59,24,4.273546062916868,5.474687322380725,4,global,3.642547823551331,8.0,1.4229460911232095,,0.0,0.7
1869,2025-05-13,146,154,-26,-13.601083874536556,-19.95994747739252,4,global,18.918096503101726,8.0,1.4229460911232095,,0.0,0.7
1870,2025-05-13,164,132,18,-11.85433171728884,-17.47441332307585,4,global,18.20078140361778,7.0,1.4229460911232095,,0.0,0.7
1871,2025-05-13,159,138,4,-12.209625018794398,-17.979976537655443,4,global,20.870910469218437,8.0,1.4229460911232095,,0.0,0.7
1872,2025-05-13,150,165,-52,-40.290695135011575,-57.93782549408345,4,global,53.686771897541725,7.0,1.4229460911232095,,0.0,0.7
1873,2025-05-13,147,162,4,36.62001856343606,51.501973928618895,4,global,50.33701230639034,7.0,1.4229460911232095,,0.0,0.7
1874,2025-05-13,145,156,-2,10.342968093944572,14.111147676808688,4,global,9.392895193231647,7.0,1.4229460911232095,,0.0,0.7
1535,2025-05-14,62,55,92,43.69227727492439,61.56541681754328,4,global,59.548581485271974,7.0,1.4229460911232095,,0.0,0.7
1536,2025-05-14,10,8,-6,16.707401733572937,23.167393646530932,4,global,15.666867381467181,8.0,1.4229460911232095,,0.0,0.7
1537,2025-05-14,104,107,42,28.20171377451274,39.52318003533666,4,global,33.63732764622579,7.0,1.4229460911232095,,0.0,0.7
1875,2025-05-14,158,132,-102,-43.88721255288161,-63.05547589549815,4,global,61.83990815879964,7.0,1.4229460911232095,,0.0,0.7
1876,2025-05-14,132,144,38,26.166586344305212,36.62730341358524,4,global,35.43080722537214,7.0,1.4229460911232095,,0.0,0.7
1877,2025-05-14,141,152,-56,0.8981711713121463,0.6717108142963595,4,global,1.351496220710478,7.0,1.4229460911232095,,0.0,0.7
1878,2025-05-14,151,159,-76,0.23286411339240143,-0.27498526316722427,4,global,2.953123904829925,8.0,1.4229460911232095,,0.0,0.7
1879,2025-05-14,140,146,-62,-7.041153691835044,-10.625520465876246,4,global,9.664943202081332,8.0,1.4229460911232095,,0.0,0.7
1880,2025-05-14,138,147,28,19.2552862458109,26.792895953853307,4,global,25.562238628860044,7.0,1.4229460911232095,,0.0,0.7
1538,2025-05-15,75,52,-20,18.27935871743589,25.40420369213255,4,global,16.026625737199883,8.0,1.4229460911232095,,0.0,0.7
1539,2025-05-15,15,23,-22,0.5091824824876516,0.11820088004240226,4,global,1.0113188306360361,8.0,1.4229460911232095,,0.0,0.7
1540,2025-05-15,85,88,16,-8.05962043876952,-12.074743742365627,4,global,14.38516817632344,8.0,1.4229460911232095,,0.0,0.7
1881,2025-05-15,156,140,48,7.332072958548471,9.826806213114917,4,global,4.860063141064192,8.0,1.4229460911232095,,0.0,0.7
1882,2025-05-15,161,137,-88,-38.81273175354322,-55.83476327759981,4,global,59.41740932064628,8.0,1.4229460911232095,,0.0,0.7
1883,2025-05-15,135,145,-10,20.8632465277796,29.080936751762042,4,global,28.462678052881884,7.0,1.4229460911232095,,0.0,0.7
1884,2025-05-15,143,157,-58,3.8634671046338975,4.891167071640094,4,global,1.356742171717405,7.0,1.4229460911232095,,0.0,0.7
1885,2025-05-15,139,143,-4,23.92926868439705,33.443720994817994,4,global,31.0340674775722,7.0,1.4229460911232095,,0.0,0.7
1886,2025-05-15,155,135,-26,-10.52897714678118,-15.588505217619698,4,global,20.583666659836645,7.0,1.4229460911232095,,0.0,0.7
1541,2025-05-16,78,83,42,38.02769972905679,53.50502834078668,4,global,44.78683966186298,8.0,1.4229460911232095,,0.0,0.7
1542,2025-05-16,30,31,-50,-16.967148324679524,-24.749675729192255,4,global,23.42058817308686,8.0,1.4229460911232095,,0.0,0.7
1543,2025-05-16,1,9,-6,0.21770718720756488,-0.29655275203538045,4,global,2.314945480563648,8.0,1.4229460911232095,,0.0,0.7
1544,2025-05-16,6,12,34,9.569765911169547,13.010922653181034,4,global,14.755525705437645,8.0,1.4229460911232095,,0.0,0.7
1545,2025-05-16,7,54,66,-8.272599232287613,-12.377801084094337,4,global,19.583184539919333,7.0,1.4229460911232095,,0.0,0.7
1546,2025-05-16,2,4,34,33.22074768227924,46.66499471560785,4,global,39.594262712877544,8.0,1.4229460911232095,,0.0,0.7
1547,2025-05-16,117,122,-14,22.50560691850862,31.41792704996549,4,global,21.677116962085233,7.0,1.4229460911232095,,0.0,0.7
1548,2025-05-16,99,101,66,10.833535099416086,14.809198079678396,4,global,14.408485977579446,8.0,1.4229460911232095,,0.0,0.7
1549,2025-05-16,97,114,56,15.660951843066123,21.67835186527795,4,global,25.115917057167763,7.0,1.4229460911232095,,0.0,0.7
1550,2025-05-16,45,47,36,6.040835121385083,7.9894443800128885,4,global,4.467104088829636,8.0,1.4229460911232095,,0.0,0.7
1551,2025-05-16,35,38,20,9.683641952751259,13.172962121422312,4,global,3.984991271925313,9.0,1.4229460911232095,,0.0,0.7
1552,2025-05-16,51,3,10,9.637386105495606,13.107142544378291,4,global,1.2667068557688494,8.0,1.4229460911232095,,0.0,0.7
1553,2025-05-16,121,128,70,36.791409865699435,51.74585451222708,4,global,40.28191222249352,8.0,1.4229460911232095,,0.0,0.7
1554,2025-05-16,119,129,14,21.028303480099964,29.315803896879014,4,global,27.40539097741592,8.0,1.4229460911232095,,0.0,0.7
1555,2025-05-16,5,13,12,-9.3266173708966,-13.877612074400954,4,global,13.005342403172005,7.0,1.4229460911232095,,0.0,0.7
1556,2025-05-16,103,95,-46,-3.7009090134558793,-5.872532357381511,4,global,5.889383758734407,8.0,1.4229460911232095,,0.0,0.7
1557,2025-05-16,36,32,90,19.69589299657005,27.419855607568536,4,global,29.56486833081378,9.0,1.4229460911232095,,0.0,0.7
1558,2025-05-16,41,49,-28,-10.921138949504435,-16.146530321892584,4,global,17.466431865646097,8.0,1.4229460911232095,,0.0,0.7
1559,2025-05-16,102,72,82,25.897472084396444,36.24436832938254,4,global,34.14232090430251,8.0,1.4229460911232095,,0.0,0.7
1560,2025-05-16,123,124,-18,-20.180596904517536,-29.32223982489818,4,global,27.78563396875745,8.0,1.4229460911232095,,0.0,0.7
1561,2025-05-16,71,74,90,30.6172946019705,42.96042133155985,4,global,43.050708632988666,8.0,1.4229460911232095,,0.0,0.7
1562,2025-05-16,118,116,-50,-14.381488894828486,-21.07042175050985,4,global,20.58870563567092,8.0,1.4229460911232095,,0.0,0.7
1563,2025-05-16,96,91,46,22.26839991452996,31.080394270867007,4,global,27.08792725194057,8.0,1.4229460911232095,,0.0,0.7
1564,2025-05-16,40,29,48,14.712795778975138,20.329176900104915,4,global,11.895450357962954,9.0,1.4229460911232095,,0.0,0.7
1565,2025-05-16,11,14,-42,-4.566751981868448,-7.104580224810691,4,global,8.505869235869364,8.0,1.4229460911232095,,0.0,0.7
1566,2025-05-16,66,77,-28,-2.472245637681306,-4.124210609516835,4,global,3.4062845570337674,8.0,1.4229460911232095,,0.0,0.7
1567,2025-05-16,111,105,10,-22.634880681363907,-32.81455333166883,4,global,31.921677167945013,6.0,1.4229460911232095,,0.0,0.7
1568,2025-05-16,27,28,-20,-10.980505167788,-16.231005250143948,4,global,19.73825294605828,8.0,1.4229460911232095,,0.0,0.7
1569,2025-05-16,17,24,-14,-11.177067830548872,-16.5107033227803,4,global,23.708774318590592,8.0,1.4229460911232095,,0.0,0.7
1570,2025-05-16,125,126,-10,8.341222794139268,11.262772027026472,4,global,11.393905498915581,7.0,1.4229460911232095,,0.0,0.7
1571,2025-05-16,127,120,-28,-13.643200064730767,-20.019876545602376,4,global,21.07678871389025,8.0,1.4229460911232095,,0.0,0.7
1572,2025-05-16,26,16,50,58.340737112544545,82.4093854844602,4,global,76.89116254383553,7.0,1.4229460911232095,,0.0,0.7
1573,2025-05-16,70,69,-20,-22.13430959243403,-32.10226765734678,4,global,32.42318246638681,8.0,1.4229460911232095,,0.0,0.7
1574,2025-05-16,106,113,-50,-19.642557849746222,-28.556639255039713,4,global,22.21739413872057,7.0,1.4229460911232095,,0.0,0.7
1575,2025-05-16,86,79,14,-1.240422995916271,-2.3713933964602125,4,global,2.9992094668956395,9.0,1.4229460911232095,,0.0,0.7
1576,2025-05-16,68,67,-14,-7.544560163975733,-11.341840737654962,4,global,11.272117950929752,9.0,1.4229460911232095,,0.0,0.7
1577,2025-05-16,81,84,-28,-17.39398907860698,-25.357047111525414,4,global,22.905810334869265,9.0,1.4229460911232095,,0.0,0.7
1578,2025-05-16,48,43,30,48.39400661377336,68.25572420177772,4,global,67.46779277200238,8.0,1.4229460911232095,,0.0,0.7
1579,2025-05-16,37,39,58,42.89096079804003,60.42518666900805,4,global,60.281746314158184,8.0,1.4229460911232095,,0.0,0.7
1580,2025-05-16,42,46,-14,-4.123089577212781,-6.473272540327587,4,global,5.7245175525037055,7.0,1.4229460911232095,,0.0,0.7
1581,2025-05-16,87,89,-16,-5.989501763882199,-9.129076465773558,4,global,7.019424658648896,8.0,1.4229460911232095,,0.0,0.7
1582,2025-05-16,44,50,-10,-3.1507081356393183,-5.089626168959876,4,global,5.980393309416247,8.0,1.4229460911232095,,0.0,0.7
1583,2025-05-16,98,90,-14,-14.747538846430057,-21.591291098297148,4,global,23.56613906416457,8.0,1.4229460911232095,,0.0,0.7
1584,2025-05-16,33,34,66,7.319372367166973,9.808733956253661,4,global,8.680442780270367,9.0,1.4229460911232095,,0.0,0.7
1585,2025-05-16,100,93,16,19.03344804148891,26.47723214815154,4,global,20.051688128468832,8.0,1.4229460911232095,,0.0,0.7
1586,2025-05-16,20,21,6,3.301565047918839,4.09161073644331,4,global,1.796643732522891,8.0,1.4229460911232095,,0.0,0.7
1587,2025-05-16,112,108,-6,-18.71317781419726,-27.23418156628737,4,global,20.408661225178,7.0,1.4229460911232095,,0.0,0.7
1588,2025-05-16,92,94,46,-4.147107129582254,-6.507448222590076,4,global,5.194813512722817,8.0,1.4229460911232095,,0.0,0.7
1887,2025-05-16,134,151,-14,-22.309677138734045,-32.35180622186425,4,global,32.90088742446137,8.0,1.4229460911232095,,0.0,0.7
1888,2025-05-16,152,160,24,2.4744972894136734,2.91473790238435,4,global,3.096692833055933,7.0,1.4229460911232095,,0.0,0.7
1889,2025-05-16,133,145,-2,16.14492840943897,22.36702442859342,4,global,19.8698410881262,7.0,1.4229460911232095,,0.0,0.7
1890,2025-05-16,136,149,-68,-4.5135142504106405,-7.028825802932538,4,global,11.86741749684127,7.0,1.4229460911232095,,0.0,0.7
1891,2025-05-16,144,161,68,26.158917206592836,36.61639064405512,4,global,31.732647520496826,8.0,1.4229460911232095,,0.0,0.7
1892,2025-05-16,130,143,-14,23.99114187319017,33.53176320695649,4,global,33.49603560034534,7.0,1.4229460911232095,,0.0,0.7
1589,2025-05-28,60,58,-38,-24.45581159269636,-35.40563985415477,4,global,35.316936589026916,8.0,1.4229460911232095,,0.0,0.7
1590,2025-05-28,56,64,-58,-24.010695338765586,-34.772263420528574,4,global,32.93739526270183,7.0,1.4229460911232095,,0.0,0.7
1591,2025-05-28,61,59,-6,-4.28085917907833,-6.697770178600235,4,global,10.528385914712992,8.0,1.4229460911232095,,0.0,0.7
1592,2025-05-28,62,65,8,7.289377603733916,9.76605302487243,4,global,7.038186814818815,7.0,1.4229460911232095,,0.0,0.7
1893,2025-05-28,137,150,16,57.54862784669889,81.28225670088266,4,global,75.17821104927525,8.0,1.4229460911232095,,0.0,0.7
1894,2025-05-28,142,157,-8,-37.39016113475466,-53.81052197624791,4,global,56.80237615141507,7.0,1.4229460911232095,,0.0,0.7
1895,2025-05-28,160,132,10,-11.212114804716297,-16.560573277677534,4,global,16.59589854907584,7.0,1.4229460911232095,,0.0,0.7
1896,2025-05-28,162,139,-58,-41.290938085284665,-59.36111729034809,4,global,62.81894998769439,7.0,1.4229460911232095,,0.0,0.7
1897,2025-05-28,131,145,56,31.52630345678451,44.25389192831383,4,global,42.770855018196706,7.0,1.4229460911232095,,0.0,0.7
1898,2025-05-28,153,160,10,24.298885005563363,33.96966509423694,4,global,30.155569291212366,7.0,1.4229460911232095,,0.0,0.7
1593,2025-05-29,22,25,14,32.380124858585454,45.46883375452382,4,global,32.804926812082726,8.0,1.4229460911232095,,0.0,0.7
1594,2025-05-29,55,57,-32,-22.693751859758727,-32.898323844845564,4,global,40.54456687870703,7.0,1.4229460911232095,,0.0,0.7
1595,2025-05-29,72,75,-6,-6.086938570707735,-9.26772378917748,4,global,7.816852080571044,8.0,1.4229460911232095,,0.0,0.7
1596,2025-05-29,129,120,6,1.9991610417206367,2.23836004676037,4,global,2.1844583264330812,8.0,1.4229460911232095,,0.0,0.7
1899,2025-05-29,148,157,18,20.906646228611457,29.14269218641665,4,global,21.30725560492668,7.0,1.4229460911232095,,0.0,0.7
1900,2025-05-29,157,134,34,30.63426644417137,42.98457134807874,4,global,41.10241788823306,7.0,1.4229460911232095,,0.0,0.7
1901,2025-05-29,149,163,18,-0.026932442247233013,-0.6446617565019155,4,global,3.501074983864414,7.0,1.4229460911232095,,0.0,0.7
1902,2025-05-29,165,141,10,15.793672747976885,21.867206558131052,4,global,18.952217271034005,7.0,1.4229460911232095,,0.0,0.7
1903,2025-05-29,154,136,22,19.238367274372123,26.768821169578676,4,global,25.1537165574531,7.0,1.4229460911232095,,0.0,0.7
1904,2025-05-29,163,135,10,6.13096031741328,8.117687675412924,4,global,1.07136403990198,7.0,1.4229460911232095,,0.0,0.7
1597,2025-05-30,40,31,28,17.227203462425884,23.38027100146464,5,global,20.680057875945092,10.0,1.3974074752543066,,0.0,0.7
1598,2025-05-30,41,42,-20,-25.495625976771876,-36.320930220885074,5,global,37.068898326734505,8.0,1.3974074752543066,,0.0,0.7
1599,2025-05-30,52,53,-12,0.1774503664833995,-0.4451814260456467,5,global,2.8285962554715276,9.0,1.3974074752543066,,0.0,0.7
1600,2025-05-30,116,117,56,24.783649814500585,33.93970562021196,5,global,36.53030885923163,8.0,1.3974074752543066,,0.0,0.7
1601,2025-05-30,28,39,82,10.936382280174236,14.58943045589805,5,global,15.190220374261022,9.0,1.3974074752543066,,0.0,0.7
1602,2025-05-30,114,110,26,-4.575373777249819,-7.0868134130675955,5,global,10.998948468266939,8.0,1.3974074752543066,,0.0,0.7
1603,2025-05-30,128,118,-42,-23.04255941138027,-32.89299666511044,5,global,34.678322689966464,9.0,1.3974074752543066,,0.0,0.7
1604,2025-05-30,103,99,-56,-12.597750250507751,-18.29734226610251,5,global,22.880929421571082,9.0,1.3974074752543066,,0.0,0.7
1605,2025-05-30,73,71,38,27.29213370072619,37.4450797543786,5,global,27.72935609113833,9.0,1.3974074752543066,,0.0,0.7
1606,2025-05-30,94,95,58,33.594620839199386,46.25222239437516,5,global,47.399534095211905,9.0,1.3974074752543066,,0.0,0.7
1607,2025-05-30,101,96,-40,-16.859345658873924,-24.25252754626283,5,global,23.558491789550104,9.0,1.3974074752543066,,0.0,0.7
1608,2025-05-30,124,127,90,24.7573712378959,33.902983740825526,5,global,26.804506458870502,9.0,1.3974074752543066,,0.0,0.7
1609,2025-05-30,121,51,6,-4.910798194045157,-7.555538000480216,5,global,10.430294071822864,9.0,1.3974074752543066,,0.0,0.7
1610,2025-05-30,84,86,10,24.23926876430698,33.178983471284624,5,global,26.950566997210878,10.0,1.3974074752543066,,0.0,0.7
1611,2025-05-30,23,26,-52,-30.903836014778133,-43.87840335574039,5,global,43.70839078887599,8.0,1.3974074752543066,,0.0,0.7
1612,2025-05-30,67,66,50,27.47548509270038,37.70129636012161,5,global,30.149661888449067,9.0,1.3974074752543066,,0.0,0.7
1613,2025-05-30,77,69,-12,3.3289220560002484,3.9587086709375177,5,global,1.2110206814499829,9.0,1.3974074752543066,,0.0,0.7
1614,2025-05-30,54,20,14,28.904983658932444,39.69888834243961,5,global,40.997709543756386,9.0,1.3974074752543066,,0.0,0.7
1615,2025-05-30,16,1,-46,-25.568544277379267,-36.42282679923668,5,global,40.857485887448476,9.0,1.3974074752543066,,0.0,0.7
1616,2025-05-30,83,79,-32,-21.141454915747584,-30.236379031673746,5,global,27.020531982729672,9.0,1.3974074752543066,,0.0,0.7
1617,2025-05-30,76,70,76,20.946222562054572,28.577256091899308,5,global,25.163140483270418,9.0,1.3974074752543066,,0.0,0.7
1618,2025-05-30,36,27,76,57.14736368509341,79.16500130996987,5,global,75.1965240407742,10.0,1.3974074752543066,,0.0,0.7
1619,2025-05-30,35,33,78,12.196072142284738,16.349730485713334,5,global,8.89693405373495,10.0,1.3974074752543066,,0.0,0.7
1620,2025-05-30,43,45,-76,-56.9422504346137,-80.26467830978814,5,global,74.97251278182829,9.0,1.3974074752543066,,0.0,0.7
1621,2025-05-30,3,5,46,-10.605798443961064,-15.51377392128785,5,global,16.538786079060472,8.0,1.3974074752543066,,0.0,0.7
1622,2025-05-30,92,115,56,49.11875349842741,67.94576141921992,5,global,71.52815246999323,9.0,1.3974074752543066,,0.0,0.7
1623,2025-05-30,32,30,20,22.954947507471356,31.38426334635452,5,global,24.99141433986181,9.0,1.3974074752543066,,0.0,0.7
1624,2025-05-30,82,78,40,-6.521203647877078,-9.805930619855246,5,global,8.987607233295204,9.0,1.3974074752543066,,0.0,0.7
1625,2025-05-30,107,111,104,-10.822125008936606,-15.816070280280758,5,global,14.285945141081935,8.0,1.3974074752543066,,0.0,0.7
1626,2025-05-30,13,10,12,29.52758691667523,40.568918788927064,5,global,38.742035914880496,9.0,1.3974074752543066,,0.0,0.7
1627,2025-05-30,88,87,6,27.810144815325632,38.16895235818467,5,global,34.49780610525185,9.0,1.3974074752543066,,0.0,0.7
1628,2025-05-30,50,48,-28,7.646814960123509,9.992564492506887,5,global,2.552859076578579,9.0,1.3974074752543066,,0.0,0.7
1629,2025-05-30,125,119,4,-7.11432063770488,-10.63475673514095,5,global,10.221742064935645,8.0,1.3974074752543066,,0.0,0.7
1630,2025-05-30,7,12,32,34.66475884549564,47.74764124392729,5,global,44.076622865637496,8.0,1.3974074752543066,,0.0,0.7
1631,2025-05-30,109,106,-12,9.958859310996198,13.223432551535875,5,global,8.280141763242238,8.0,1.3974074752543066,,0.0,0.7
1632,2025-05-30,29,38,-18,15.47096013837304,20.926083452067726,5,global,15.727224371975714,10.0,1.3974074752543066,,0.0,0.7
1633,2025-05-30,105,112,36,37.58905062266561,51.83406843316931,5,global,48.00445700367362,7.0,1.3974074752543066,,0.0,0.7
1634,2025-05-30,19,21,42,15.325404818047485,20.722683359381758,5,global,13.143878136107038,8.0,1.3974074752543066,,0.0,0.7
1635,2025-05-30,91,98,-14,-24.97121589805499,-35.588115656787394,5,global,38.62321110341412,9.0,1.3974074752543066,,0.0,0.7
1636,2025-05-30,49,47,-48,-15.218354405006615,-21.959394101281713,5,global,20.452210190534743,9.0,1.3974074752543066,,0.0,0.7
1637,2025-05-30,97,102,-14,-6.601581583612374,-9.918251348097261,5,global,13.67954998800294,9.0,1.3974074752543066,,0.0,0.7
1638,2025-05-30,6,11,92,11.124386196816786,14.85214853439144,5,global,8.575561382876922,9.0,1.3974074752543066,,0.0,0.7
1639,2025-05-30,122,123,6,20.09140211767915,27.382723612928885,5,global,21.67529258307416,9.0,1.3974074752543066,,0.0,0.7
1640,2025-05-30,93,126,58,4.220739177145127,5.204940582585146,5,global,14.937057462392747,9.0,1.3974074752543066,,0.0,0.7
1641,2025-05-30,85,80,6,22.486971434338695,30.730310083518788,5,global,25.637516662569276,9.0,1.3974074752543066,,0.0,0.7
1642,2025-05-30,14,9,12,4.201889034943069,5.178599252962384,5,global,6.516204061732161,9.0,1.3974074752543066,,0.0,0.7
1643,2025-05-30,68,74,56,49.330132684623365,68.24114427412331,5,global,66.30601622260927,10.0,1.3974074752543066,,0.0,0.7
1644,2025-05-30,24,18,6,-10.334067970447414,-15.134055726345483,5,global,12.78630301027501,9.0,1.3974074752543066,,0.0,0.7
1645,2025-05-30,37,34,24,40.03999971960765,55.259043022703906,5,global,54.273732442442906,9.0,1.3974074752543066,,0.0,0.7
1646,2025-05-30,17,15,56,-6.320827461537833,-9.525923439201836,5,global,14.248974178401465,9.0,1.3974074752543066,,0.0,0.7
1647,2025-05-30,46,44,-10,29.017947866255415,39.856745370188904,5,global,34.274934886304344,9.0,1.3974074752543066,,0.0,0.7
1905,2025-05-30,137,147,18,20.94339691964249,28.57330751807027,5,global,25.899443724988238,9.0,1.3974074752543066,,0.0,0.7
1906,2025-05-30,156,135,-64,-7.719786173716056,-11.480838801171824,5,global,15.309037839465956,10.0,1.3974074752543066,,0.0,0.7
1907,2025-05-30,158,141,-114,-20.10758229906342,-28.791637708658566,5,global,31.066209547911377,10.0,1.3974074752543066,,0.0,0.7
1908,2025-05-30,154,130,-24,10.778258929640565,14.36846770385004,5,global,6.2971447975958235,9.0,1.3974074752543066,,0.0,0.7
1909,2025-05-30,164,139,30,-0.3523701739147169,-1.1855566097412509,5,global,4.714416729868407,9.0,1.3974074752543066,,0.0,0.7
1910,2025-05-30,148,162,48,46.740793154171584,64.62278185829852,5,global,56.37782025223267,10.0,1.3974074752543066,,0.0,0.7
1648,2025-06-11,59,56,6,20.668323798595086,28.188918282477097,5,global,28.92168102150674,9.0,1.3974074752543066,,0.0,0.7
1649,2025-06-11,55,61,-42,-19.487013391608624,-27.924450078470834,5,global,35.44792477139946,9.0,1.3974074752543066,,0.0,0.7
1911,2025-06-11,130,151,76,21.580405896951063,29.463468624765373,5,global,33.098422214602635,9.0,1.3974074752543066,,0.0,0.7
1912,2025-06-11,132,152,-22,11.256681950587113,15.037019609654497,5,global,16.36937754882131,9.0,1.3974074752543066,,0.0,0.7
1913,2025-06-11,146,165,34,-12.446749445250475,-18.086332612066574,5,global,15.283893388674814,9.0,1.3974074752543066,,0.0,0.7
1914,2025-06-11,151,164,24,-10.534206821038492,-15.413731252250258,5,global,18.296325548623415,10.0,1.3974074752543066,,0.0,0.7
1915,2025-06-11,149,155,76,24.465454477930706,33.49505707829815,5,global,30.824490541848228,9.0,1.3974074752543066,,0.0,0.7
1916,2025-06-11,162,130,-48,-34.02400924096112,-48.23855674609685,5,global,52.78438623478405,9.0,1.3974074752543066,,0.0,0.7
1650,2025-06-12,98,97,-6,26.732939004354712,36.66365690554653,5,global,36.84454953627208,9.0,1.3974074752543066,,0.0,0.7
1651,2025-06-12,47,41,46,42.27969799231987,58.38881413130611,5,global,50.011243618164784,9.0,1.3974074752543066,,0.0,0.7
1652,2025-06-12,117,129,48,6.663917209155831,8.619055827894009,5,global,3.471504338843535,8.0,1.3974074752543066,,0.0,0.7
1653,2025-06-12,48,49,-8,9.660259468981932,12.806166900195386,5,global,11.49680488252668,9.0,1.3974074752543066,,0.0,0.7
1654,2025-06-12,64,65,54,12.767017090067267,17.14757322370332,5,global,10.86806040374681,9.0,1.3974074752543066,,0.0,0.7
1655,2025-06-12,58,62,14,-3.3439948120815064,-5.366075242270483,5,global,8.035645075218728,10.0,1.3974074752543066,,0.0,0.7
1656,2025-06-12,34,29,-84,-17.54262035842739,-25.20734071907098,5,global,27.910785674336996,10.0,1.3974074752543066,,0.0,0.7
1657,2025-06-12,10,7,20,-29.09698144362447,-41.35349127131285,5,global,36.3390631613868,8.0,1.3974074752543066,,0.0,0.7
1658,2025-06-12,91,99,-6,-10.382460190154227,-15.201679375907933,5,global,19.38584137886987,9.0,1.3974074752543066,,0.0,0.7
1659,2025-06-12,26,22,14,19.866502667046547,27.068447439434298,5,global,27.815778528478216,8.0,1.3974074752543066,,0.0,0.7
1660,2025-06-12,113,112,106,38.253320075543485,52.762323532203936,5,global,44.28959705552941,8.0,1.3974074752543066,,0.0,0.7
1661,2025-06-12,86,80,6,4.904875474448852,6.1609577585301745,5,global,2.4443444919719415,9.0,1.3974074752543066,,0.0,0.7
1662,2025-06-12,73,72,50,35.808844711291215,49.34639538512282,5,global,40.38502261593711,9.0,1.3974074752543066,,0.0,0.7
1663,2025-06-12,57,63,14,-11.021094065231097,-16.094111126890976,5,global,13.526925245533782,9.0,1.3974074752543066,,0.0,0.7
1664,2025-06-12,12,13,-20,-18.35121740331404,-26.337280274064128,5,global,33.45910301571569,9.0,1.3974074752543066,,0.0,0.7
1665,2025-06-12,18,20,20,4.015873600529652,4.918659894400397,5,global,2.1184534521850953,9.0,1.3974074752543066,,0.0,0.7
1917,2025-06-12,133,149,-40,-7.451894643567561,-11.106485174385003,5,global,12.038861613887995,10.0,1.3974074752543066,,0.0,0.7
1918,2025-06-12,155,140,6,21.388776537169385,29.195684324928255,5,global,22.18205760991593,9.0,1.3974074752543066,,0.0,0.7
1919,2025-06-12,140,142,36,23.59440358793509,32.27784405329136,5,global,35.52697016089151,10.0,1.3974074752543066,,0.0,0.7
1920,2025-06-12,165,134,34,49.25792506102427,68.14024080113559,5,global,61.86013056579609,9.0,1.3974074752543066,,0.0,0.7
1921,2025-06-12,138,153,-84,-6.499757166142567,-9.775961145961539,5,global,10.307257319776973,9.0,1.3974074752543066,,0.0,0.7
1922,2025-06-12,153,161,22,57.11174481377668,79.11522723293174,5,global,75.88120102708461,9.0,1.3974074752543066,,0.0,0.7
1666,2025-06-16,126,128,42,37.73601996244822,52.03944448721471,5,global,40.748594924081345,9.0,1.3974074752543066,,0.0,0.7
1667,2025-06-16,74,77,6,-44.03446177604728,-62.22723794930467,5,global,59.722427734060076,9.0,1.3974074752543066,,0.0,0.7
1668,2025-06-16,71,75,14,0.5811899297292742,0.1190072576900475,5,global,4.440513983184554,9.0,1.3974074752543066,,0.0,0.7
1669,2025-06-16,87,81,42,8.970405384198079,11.842159645283711,5,global,10.1279785702768,9.0,1.3974074752543066,,0.0,0.7
1670,2025-06-16,96,102,48,8.639907646308284,11.380319635801872,5,global,6.323476130186194,9.0,1.3974074752543066,,0.0,0.7
1671,2025-06-16,88,89,54,13.808097654270698,18.602386986463166,5,global,22.011397995407496,9.0,1.3974074752543066,,0.0,0.7
1672,2025-06-16,108,104,-42,1.404168706867745,1.2690439528389947,5,global,8.624649884429925,8.0,1.3974074752543066,,0.0,0.7
1673,2025-06-16,38,28,14,11.198776822815269,14.956102551250567,5,global,15.602116258026658,9.0,1.3974074752543066,,0.0,0.7
1674,2025-06-16,69,67,22,-6.681962740401707,-10.030576577464263,5,global,10.518807327539118,9.0,1.3974074752543066,,0.0,0.7
1675,2025-06-16,39,32,-66,-16.122775285227604,-23.223238600078606,5,global,21.537289496139653,9.0,1.3974074752543066,,0.0,0.7
1676,2025-06-16,93,4,-32,-5.982355628926921,-9.052940370148324,5,global,12.867461078173537,9.0,1.3974074752543066,,0.0,0.7
1677,2025-06-16,15,16,2,10.955901271575389,14.616706440391447,5,global,14.673625044638548,9.0,1.3974074752543066,,0.0,0.7
1678,2025-06-16,11,1,-56,-3.469903827569791,-5.542021441715722,5,global,4.918091582991821,9.0,1.3974074752543066,,0.0,0.7
1679,2025-06-16,123,121,-32,-27.48823725211705,-39.10542011232843,5,global,33.23223053026986,9.0,1.3974074752543066,,0.0,0.7
1680,2025-06-16,31,36,-22,-11.085862324618624,-16.184618776718317,5,global,23.855934901297243,10.0,1.3974074752543066,,0.0,0.7
1681,2025-06-16,33,40,-62,-23.072006700212338,-32.93414652665034,5,global,28.1949858385129,10.0,1.3974074752543066,,0.0,0.7
1682,2025-06-16,110,109,14,12.680084914071365,17.026093551126525,5,global,12.263746237018928,8.0,1.3974074752543066,,0.0,0.7
1683,2025-06-16,27,35,-70,-27.29654989212452,-38.83755476256311,5,global,33.19185632552084,10.0,1.3974074752543066,,0.0,0.7
1684,2025-06-16,85,54,36,-8.294650536678832,-12.284158559233312,5,global,16.755111946192663,10.0,1.3974074752543066,,0.0,0.7
1685,2025-06-16,21,24,6,17.245513825329297,23.405858039460487,5,global,20.72832843428964,9.0,1.3974074752543066,,0.0,0.7
1686,2025-06-16,5,94,-62,-15.327302553358951,-22.111639058204386,5,global,19.12118423708604,8.0,1.3974074752543066,,0.0,0.7
1687,2025-06-16,9,8,24,29.492248694487905,40.5195368930803,5,global,32.77495696915939,9.0,1.3974074752543066,,0.0,0.7
1688,2025-06-16,101,103,-36,7.207783982716715,9.37905932281043,5,global,8.228530240190027,9.0,1.3974074752543066,,0.0,0.7
1689,2025-06-16,115,105,-34,-11.121311188710088,-16.234155284389,5,global,19.605535374702008,7.0,1.3974074752543066,,0.0,0.7
1690,2025-06-16,79,78,24,-4.576948679743683,-7.089014193585318,5,global,7.00152286900412,9.0,1.3974074752543066,,0.0,0.7
1691,2025-06-16,114,107,-20,14.069868541193735,18.968187580653368,5,global,9.74299715481867,8.0,1.3974074752543066,,0.0,0.7
1692,2025-06-16,92,90,24,-2.430409069747066,-4.0894236966465805,5,global,1.6421975976341543,9.0,1.3974074752543066,,0.0,0.7
1693,2025-06-16,19,17,114,44.656525561073295,61.710210743272675,5,global,55.0812319025688,8.0,1.3974074752543066,,0.0,0.7
1694,2025-06-16,14,3,-16,21.59056040532969,29.477658610681196,5,global,24.92486136988947,9.0,1.3974074752543066,,0.0,0.7
1695,2025-06-16,119,124,-2,17.773910296058407,24.14424321755534,5,global,22.562786343340445,9.0,1.3974074752543066,,0.0,0.7
1696,2025-06-16,127,116,-38,-37.2322967497219,-52.72184169360417,5,global,51.71320120007656,9.0,1.3974074752543066,,0.0,0.7
1697,2025-06-16,120,122,62,12.71248617398568,17.071371313938442,5,global,15.970460508300715,9.0,1.3974074752543066,,0.0,0.7
1698,2025-06-16,44,42,2,-8.53876226292607,-12.625282110288435,5,global,17.127567162565857,8.0,1.3974074752543066,,0.0,0.7
1699,2025-06-16,95,6,-54,-1.3454251677894913,-2.5732590815204803,5,global,9.060050798430108,9.0,1.3974074752543066,,0.0,0.7
1700,2025-06-16,25,23,-42,-3.563416006376036,-5.672696059406886,5,global,0.91581404540601,9.0,1.3974074752543066,,0.0,0.7
1701,2025-06-16,66,76,6,1.53990906815224,1.4587285483916683,5,global,0.960920532262169,9.0,1.3974074752543066,,0.0,0.7
1702,2025-06-16,30,37,-126,-33.44737699432183,-47.43276653417041,5,global,50.29564740926046,9.0,1.3974074752543066,,0.0,0.7
1703,2025-06-16,100,2,-48,-19.98050457868308,-28.614058352260802,5,global,32.84703183322256,10.0,1.3974074752543066,,0.0,0.7
1704,2025-06-16,45,50,56,21.392675139181353,29.201132260522822,5,global,25.917880200021514,9.0,1.3974074752543066,,0.0,0.7
1705,2025-06-16,46,43,82,62.27218923196341,86.32647083854025,5,global,79.19294015066771,9.0,1.3974074752543066,,0.0,0.7
1706,2025-06-16,82,83,118,27.569273405230373,37.832356849142506,5,global,31.54469392014634,9.0,1.3974074752543066,,0.0,0.7
1707,2025-06-16,70,52,-20,-1.2486278897505985,-2.437993841604662,5,global,6.3057755639181,9.0,1.3974074752543066,,0.0,0.7
1708,2025-06-16,118,125,28,-0.8865120412543526,-1.931970448007952,5,global,0.24837962913885225,8.0,1.3974074752543066,,0.0,0.7
1923,2025-06-16,131,152,-16,12.912680794733653,17.351124773477363,5,global,18.915848607829773,9.0,1.3974074752543066,,0.0,0.7
1924,2025-06-16,150,155,-104,-20.25813412883996,-29.002019961001515,5,global,24.61768165827824,9.0,1.3974074752543066,,0.0,0.7
1925,2025-06-16,135,146,-8,11.734532158143402,15.704771061745475,5,global,13.672697606321389,10.0,1.3974074752543066,,0.0,0.7
1926,2025-06-16,157,139,34,-8.037279445601614,-11.924506272647651,5,global,15.45245556807839,9.0,1.3974074752543066,,0.0,0.7
1927,2025-06-16,147,156,-2,12.912344190997164,17.350654400899796,5,global,14.955748888473215,9.0,1.3974074752543066,,0.0,0.7
1928,2025-06-16,142,163,-58,-50.38934970218526,-71.10760584169321,5,global,68.31513220625223,9.0,1.3974074752543066,,0.0,0.7
1709,2025-06-27,84,85,6,6.657172804417137,8.609631146296017,5,global,3.7573948266135426,10.0,1.3974074752543066,,0.0,0.7
1710,2025-06-27,108,109,-28,17.170131908906896,23.30051878595283,5,global,11.039534073947326,8.0,1.3974074752543066,,0.0,0.7
1711,2025-06-27,45,47,48,10.923284976855902,14.571128186335336,5,global,9.749964516030406,9.0,1.3974074752543066,,0.0,0.7
1712,2025-06-27,2,7,70,7.476527522195294,9.754603553804099,5,global,9.868808234104204,8.0,1.3974074752543066,,0.0,0.7
1713,2025-06-27,104,114,98,20.219362251641876,27.56153606066294,5,global,28.164755642186883,8.0,1.3974074752543066,,0.0,0.7
1714,2025-06-27,117,53,36,7.724824197222921,10.101575183568492,5,global,2.144001628979413,8.0,1.3974074752543066,,0.0,0.7
1715,2025-06-27,110,111,10,7.823117309506944,10.238930713440197,5,global,6.456000482003674,9.0,1.3974074752543066,,0.0,0.7
1716,2025-06-27,67,69,6,15.05403619801789,20.343470821202956,5,global,17.029053629246864,9.0,1.3974074752543066,,0.0,0.7
1717,2025-06-27,92,94,-42,4.440199964852757,5.511616727852986,5,global,6.499191665940476,9.0,1.3974074752543066,,0.0,0.7
1718,2025-06-27,106,107,22,8.564408279800261,11.274816256666597,5,global,9.963427075386061,8.0,1.3974074752543066,,0.0,0.7
1719,2025-06-27,40,36,-12,1.9553044089991642,2.039205102876971,5,global,6.43100017620603,10.0,1.3974074752543066,,0.0,0.7
1720,2025-06-27,26,19,14,17.972794839625642,24.422165965448734,5,global,24.465547937369887,8.0,1.3974074752543066,,0.0,0.7
1721,2025-06-27,4,115,64,20.124009778844062,27.428289802391294,5,global,33.56702499316774,9.0,1.3974074752543066,,0.0,0.7
1722,2025-06-27,105,113,-14,3.5217672759302148,4.228192022834713,5,global,6.969983098998087,7.0,1.3974074752543066,,0.0,0.7
1929,2025-06-27,139,147,-10,14.56509562205331,19.660221605394906,5,global,18.186692522568816,9.0,1.3974074752543066,,0.0,0.7
1930,2025-06-27,163,136,56,23.020834163265842,31.476333851681243,5,global,25.15366242354723,9.0,1.3974074752543066,,0.0,0.7
1931,2025-06-27,160,137,-96,-7.6479756169662885,-11.380490192367525,5,global,10.119591262760254,10.0,1.3974074752543066,,0.0,0.7
1932,2025-06-27,159,136,76,18.62356336843714,25.33155477227017,5,global,21.465911911774743,9.0,1.3974074752543066,,0.0,0.7
1933,2025-06-27,136,144,-16,-3.870889589691174,-6.102361943174688,5,global,5.870945747837837,9.0,1.3974074752543066,,0.0,0.7
1934,2025-06-27,141,153,-42,-26.401025860534663,-37.58614278654957,5,global,37.35510077982513,9.0,1.3974074752543066,,0.0,0.7
1723,2025-06-30,116,121,48,18.861075597820246,25.663456137074437,5,global,28.028714304342806,9.0,1.3974074752543066,,0.0,0.7
1724,2025-06-30,20,51,-2,5.708071214110236,7.283349489225404,5,global,9.80083404596813,9.0,1.3974074752543066,,0.0,0.7
1935,2025-06-30,143,159,-66,-4.611398748850574,-7.137154977678314,5,global,8.966026438356419,10.0,1.3974074752543066,,0.0,0.7
1936,2025-06-30,144,160,-52,-1.129413194417805,-2.2714023351864516,5,global,8.417448070855794,10.0,1.3974074752543066,,0.0,0.7
1937,2025-06-30,161,131,-40,-43.043285103543724,-60.84216025785051,5,global,62.255145834025626,10.0,1.3974074752543066,,0.0,0.7
1938,2025-06-30,152,165,-16,2.2037448528045815,2.3863776362061584,5,global,0.7543687166819943,9.0,1.3974074752543066,,0.0,0.7
1939,2025-06-30,145,163,36,-10.782978029786683,-15.761365998983031,5,global,13.142915718119848,9.0,1.3974074752543066,,0.0,0.7
1940,2025-06-30,134,143,-22,-25.813108183654993,-36.76458223004377,5,global,34.82551213915611,10.0,1.3974074752543066,,0.0,0.7
