{
  "cpu_count": 16,
  "cwd": "C:\\algosports23\\AlgoSports23-Challenge",
  "git_hash": "1aaa14e93a225970a75736c5fd1f73a703e08fc3",
  "input_paths": {
    "predictions_seed": "C:\\algosports23\\AlgoSports23-Challenge\\Predictions.csv",
    "rankings_seed": "C:\\algosports23\\AlgoSports23-Challenge\\Rankings.xlsx",
    "train": "C:\\algosports23\\AlgoSports23-Challenge\\Train.csv"
  },
  "machine": "AMD64",
  "n_jobs": 4,
  "outer_fold_count": 5,
  "platform": "Windows-10-10.0.19045-SP0",
  "processor": "Intel64 Family 6 Model 167 Stepping 1, GenuineIntel",
  "python": "3.13.0 (tags/v3.13.0:60403a5, Oct  7 2024, 09:38:07) [MSC v.1941 64 bit (AMD64)]",
  "thread_env": {
    "MKL_NUM_THREADS": "1",
    "NUMEXPR_NUM_THREADS": "1",
    "OMP_NUM_THREADS": "1",
    "OPENBLAS_NUM_THREADS": "1"
  },
  "timestamp_utc": "2026-02-27T01:06:02.572753+00:00"
}