{
  "derby_pred_distribution": {
    "mean": -9.271979557660307,
    "n": 75,
    "p05": -56.711359625740755,
    "p50": -9.271804322097612,
    "p95": 38.66634792865593,
    "std": 28.07852397885776
  },
  "elok_secondary_only": true,
  "feature_set": "F2",
  "features": [
    "massey_diff",
    "elok_diff",
    "games_played_diff",
    "volatility_diff"
  ],
  "git_hash": "1aaa14e93a225970a75736c5fd1f73a703e08fc3",
  "model_stage": {
    "config_id": "massey_alpha=10.0|use_elo=1|elo_home_adv=60.0|elo_k=24.0|elo_decay_a=0.0|elo_decay_g=100.0||elasticnet|alpha=1.0|l1_ratio=0.05||module=expand_affine_global",
    "gate_rejections_count": 43,
    "lambda_disp": 0.05,
    "lambda_stability": 0.1,
    "lambda_tail": 0.1,
    "lambda_tdisp": 0.05,
    "lambda_xtail": 0.05,
    "massey_gate_applied": false,
    "massey_gate_reason": "",
    "model_spec": {
      "model_name": "elasticnet",
      "params": {
        "alpha": 1.0,
        "l1_ratio": 0.05
      }
    },
    "module": "expand_affine_global"
  },
  "oof_paths": {
    "csv": "C:\\algosports23\\AlgoSports23-Challenge\\oof_predictions.csv",
    "parquet": "C:\\algosports23\\AlgoSports23-Challenge\\oof_predictions.parquet"
  },
  "outer_fold_count": 5,
  "postprocessor_fit": {
    "affine": {
      "a": -3.65600371645416,
      "a_star": -1.092467837471295,
      "eta": 0.9,
      "fallback": false,
      "n_oof": 746,
      "naive_r": 2.284953068275728,
      "r_base": 0.43764575031495956,
      "s": 1.6,
      "s_cap": 1.6,
      "s_cap_hit": true,
      "s_star": 1.1398312338860612,
      "s_uncapped": 2.056457761448155,
      "underdispersed": true
    },
    "invalid": false,
    "invalid_reason": "",
    "module": "expand_affine_global",
    "params": {}
  },
  "rating_stage": {
    "config_id": "massey_alpha=10.0|use_elo=1|elo_home_adv=60.0|elo_k=24.0|elo_decay_a=0.0|elo_decay_g=100.0",
    "lambda_disp": 0.05,
    "lambda_stability": 0.1,
    "lambda_tail": 0.1,
    "lambda_tdisp": 0.05,
    "lambda_xtail": 0.05,
    "spec": {
      "elo_decay_a": 0.0,
      "elo_decay_g": 100.0,
      "elo_home_adv": 60.0,
      "elo_k": 24.0,
      "massey_alpha": 10.0,
      "use_elo": true
    }
  },
  "selected_at": "2026-02-27T01:06:02.572753+00:00",
  "selection_lock": true,
  "selection_score": "mean_rmse + lambda_tail*(mean_tail_rmse/mean_rmse) + lambda_disp*abs(log(mean_dispersion_ratio)) + lambda_stability*std_rmse"
}