GameID,Date,Team1_Conf,Team1_ID,Team1,Team2_Conf,Team2_ID,Team2,Team1_WinMargin
1941,2025-07-04,Purple,68,Idaho,Yellow,119,Houston,7
1942,2025-07-04,White,105,Helena,Yellow,120,Iowa,20
1943,2025-07-04,Red,82,Jackson,Purple,67,Concord,7
1944,2025-07-04,White,108,Montpelier,Yellow,129,West Virginia,6
1945,2025-07-04,Yellow,121,Lansing,White,113,South Dakota,-10
1946,2025-07-04,Crimson,21,Lincoln,Yellow,118,Florida,21
1947,2025-07-04,Yellow,117,Columbia,Crimson,23,Nashville,-4
1948,2025-07-04,Orange,63,New Jersey,Yellow,126,Pierre,29
1949,2025-07-04,Purple,77,Wilmington,Orange,58,Honolulu,4
1950,2025-07-04,Crimson,22,Michigan,Green,49,Natchez,8
1951,2025-07-04,Orange,64,Seattle,White,104,Connecticut,14
1952,2025-07-04,Green,51,San Diego,Purple,73,Providence,-3
1953,2025-07-04,Crimson,18,Delaware,Purple,69,Los Angeles,7
1954,2025-07-04,Red,86,Olympia,Green,44,Bismarck,-1
1955,2025-07-04,Orange,62,New Hampshire,Blue,3,Charlotte,0
1956,2025-07-04,Green,50,Nebraska,Red,87,Philadelphia,6
1957,2025-07-04,Gold,38,North Carolina,Red,78,Annapolis,14
1958,2025-07-04,Violet,99,Topeka,Green,48,Fort Worth,-1
1959,2025-07-04,Blue,4,Colorado,Yellow,124,Missouri,31
1960,2025-07-04,Blue,1,Austin,Gold,29,Arizona,-3
1961,2025-07-04,Green,46,Boston,Blue,13,Texas,9
1962,2025-07-04,Green,47,Chicago,Red,85,New Hope,11
1963,2025-07-04,Crimson,20,Hartford,Blue,12,Tampa,10
1964,2025-07-04,Gold,32,Columbus,Red,89,Sacramento,8
1965,2025-07-04,Red,79,Des Moines,Blue,9,NYC,-5
1966,2025-07-04,Gold,35,Madison,Violet,95,Las Vegas,28
1967,2025-07-04,Purple,76,Santa Fe,White,110,Raleigh,18
1968,2025-07-04,Violet,102,Alaska,Blue,14,Trenton,-7
1969,2025-07-04,Gold,36,Massachusetts,Red,84,Mississippi,30
1970,2025-07-04,Violet,98,San Francisco,Blue,6,Juneau,5
1971,2025-07-04,Crimson,19,Georgia,Green,42,Virginia,4
1972,2025-07-04,Blue,7,Key Largo,Gold,40,Pennsylvania,-9
1973,2025-07-04,Gold,37,Minnesota,Red,88,Port St. Lucie,18
1974,2025-07-04,Violet,100,Vermont,Gold,31,Augusta,-7
1975,2025-07-04,Green,45,Boise City,Violet,94,Kentucky,1
1976,2025-07-04,Violet,92,Illinois,Crimson,26,Phoenix,15
1977,2025-07-04,Violet,96,Nantucket,Green,54,Boise,-11
1978,2025-07-04,Blue,2,Baton Rouge,Violet,90,Big Sur,4
1979,2025-07-04,Gold,34,Jacksonville,Crimson,16,Cape Coral,24
1980,2025-07-04,Purple,74,Salt Lake City,Gold,30,Atlanta,-33
1981,2025-07-04,Green,52,Utah,Gold,39,Oklahoma,3
1982,2025-07-04,Orange,55,Carson City,Blue,10,Ohio,-43
1983,2025-07-04,Yellow,116,California,Crimson,24,New York,20
1984,2025-07-04,Violet,101,Washington,Orange,59,Louisiana,-2
1985,2025-07-04,Orange,60,Montgomery,Crimson,17,Dallas,-3
1986,2025-07-04,White,107,Kansas,Violet,93,Indiana,-14
1987,2025-07-04,Purple,72,North Dakota,Yellow,122,Little Rock,13
1988,2025-07-04,Yellow,125,Montana,Crimson,25,Oregon,4
1989,2025-07-04,Green,53,Wyoming,Purple,75,San Jose,5
1990,2025-07-04,Bronze,131,Belgrade,Platinum,151,Shenzhen,34
1991,2025-07-04,Platinum,143,Beijing,Platinum,149,Seoul,-20
1992,2025-07-04,Bronze,139,Prague,Platinum,153,Tokyo,-19
1993,2025-07-04,Silver,162,Portugal,Bronze,138,Paris,-39
1994,2025-07-04,Bronze,133,Florence,Silver,160,Netherlands,1
1995,2025-07-04,Bronze,132,Berlin,Red,80,Frankfort,21
1996,2025-07-04,Platinum,148,Osaka,Silver,156,Germany,26
1997,2025-07-04,Platinum,144,Hong Kong,Bronze,134,Liverpool,34
1998,2025-07-04,Bronze,136,Madrid,Platinum,152,Singapore,-20
1999,2025-07-04,Bronze,137,Milan,Platinum,145,Istanbul,30
2000,2025-07-04,Bronze,130,Barcelona,Violet,91,Hawaii,32
2001,2025-07-04,Platinum,146,Manila,Red,83,Jefferson City,35
2002,2025-07-04,Silver,155,France,Purple,71,New Mexico,13
2003,2025-07-04,Bronze,140,Rome,Purple,70,Maryland,16
2004,2025-07-04,Bronze,141,Venice,Yellow,128,Tennessee,51
2005,2025-07-04,Platinum,150,Shanghai,Purple,66,Alabama,-15
2006,2025-07-04,Silver,161,Norway,Blue,5,Dover,-30
2007,2025-07-04,Silver,159,Italy,Crimson,15,Albany,38
2008,2025-07-04,Orange,57,Denver,Silver,157,Iceland,0
2009,2025-07-04,Gold,33,El Paso,Platinum,142,Bangkok,55
2010,2025-07-04,White,112,South Carolina,Silver,154,England,-47
2011,2025-07-04,White,114,Springfield,Silver,158,Ireland,9
2012,2025-07-04,White,111,Salem,Bronze,135,London,-31
2013,2025-07-04,Yellow,123,Maine,Platinum,147,Mumbai,-35
2014,2025-07-04,Orange,61,Nevada,Silver,165,Sweden,-16
2015,2025-07-04,Gold,27,Rhode Island,Silver,163,Serbia,-19
