{
  "chosen_config_id": "massey_alpha=1.0|use_elo=1|elo_home_adv=60.0|elo_k=24.0|elo_decay_a=0.25|elo_decay_g=50.0||elasticnet|alpha=1.0|l1_ratio=0.12||module=expand_affine_global",
  "timestamp_utc": "2026-02-27T02:47:29.836702+00:00",
  "top_candidates": [
    {
      "config_id": "massey_alpha=1.0|use_elo=1|elo_home_adv=60.0|elo_k=24.0|elo_decay_a=0.25|elo_decay_g=50.0||elasticnet|alpha=1.0|l1_ratio=0.12||module=expand_affine_global",
      "late_bias": 0.8856355123,
      "late_dispersion_ratio": 0.6841892468,
      "late_folds": [
        4,
        5
      ],
      "late_mae": 27.5617525246,
      "late_n_games": 266,
      "late_rmse": 34.6009413644,
      "late_tail_bias": -7.4292261881,
      "late_tail_dispersion_ratio": 0.5026069552,
      "late_tail_rmse": 51.7815495777,
      "mean_dispersion_ratio_w": 0.6982457817,
      "mean_tail_bias_w": -9.0042968365,
      "module": "expand_affine_global",
      "score": 35.9365082249
    },
    {
      "config_id": "massey_alpha=1.0|use_elo=1|elo_home_adv=60.0|elo_k=24.0|elo_decay_a=0.25|elo_decay_g=50.0||elasticnet|alpha=1.0|l1_ratio=0.1||module=expand_affine_global",
      "late_bias": 0.8640384888,
      "late_dispersion_ratio": 0.684115006,
      "late_folds": [
        4,
        5
      ],
      "late_mae": 27.5630839141,
      "late_n_games": 266,
      "late_rmse": 34.6051026057,
      "late_tail_bias": -7.4666964694,
      "late_tail_dispersion_ratio": 0.5024418791,
      "late_tail_rmse": 51.7906790322,
      "mean_dispersion_ratio_w": 0.6971236438,
      "mean_tail_bias_w": -9.0286203097,
      "module": "expand_affine_global",
      "score": 35.9366273617
    },
    {
      "config_id": "massey_alpha=1.0|use_elo=1|elo_home_adv=60.0|elo_k=24.0|elo_decay_a=0.25|elo_decay_g=50.0||elasticnet|alpha=1.0|l1_ratio=0.08||module=expand_affine_global",
      "late_bias": 0.8426681582,
      "late_dispersion_ratio": 0.6840386756,
      "late_folds": [
        4,
        5
      ],
      "late_mae": 27.5643077873,
      "late_n_games": 266,
      "late_rmse": 34.6092303538,
      "late_tail_bias": -7.5034285745,
      "late_tail_dispersion_ratio": 0.502278104,
      "late_tail_rmse": 51.7998405795,
      "mean_dispersion_ratio_w": 0.6960125113,
      "mean_tail_bias_w": -9.0524040079,
      "module": "expand_affine_global",
      "score": 35.9368465438
    }
  ]
}